{
  "type": "FeatureCollection",
  "features": [
    {
      "type": "Feature",
      "geometry": {
        "type": "LineString",
        "coordinates": [
          [-83.375486, 33.938816],
          [-83.375567, 33.938775]
        ]
      },
      "properties": { "from": "1388045585", "to": "1388045586_26" }
    },
    {
      "type": "Feature",
      "geometry": {
        "type": "LineString",
        "coordinates": [
          [-83.375725, 33.938824],
          [-83.375675, 33.938862]
        ]
      },
      "properties": { "from": "1388045587", "to": "1388045586_16" }
    },
    {
      "type": "Feature",
      "geometry": {
        "type": "LineString",
        "coordinates": [
          [-83.375725, 33.938824],
          [-83.375793, 33.938836]
        ]
      },
      "properties": { "from": "1388045587", "to": "1388045596_25" }
    },
    {
      "type": "Feature",
      "geometry": {
        "type": "LineString",
        "coordinates": [
          [-83.374469, 33.938726],
          [-83.374509, 33.938726]
        ]
      },
      "properties": { "from": "1388045590", "to": "1388045594_118" }
    },
    {
      "type": "Feature",
      "geometry": {
        "type": "LineString",
        "coordinates": [
          [-83.374484, 33.939003],
          [-83.374524, 33.939008]
        ]
      },
      "properties": { "from": "1388045591", "to": "1388045595_280" }
    },
    {
      "type": "Feature",
      "geometry": {
        "type": "LineString",
        "coordinates": [
          [-83.375194, 33.938823],
          [-83.37519, 33.938804]
        ]
      },
      "properties": { "from": "1388045599", "to": "1388045588_47" }
    },
    {
      "type": "Feature",
      "geometry": {
        "type": "LineString",
        "coordinates": [
          [-83.374632, 33.938759],
          [-83.374592, 33.938759]
        ]
      },
      "properties": { "from": "1387879293", "to": "1389298214_34" }
    },
    {
      "type": "Feature",
      "geometry": {
        "type": "LineString",
        "coordinates": [
          [-83.374632, 33.938759],
          [-83.374606, 33.938732]
        ]
      },
      "properties": { "from": "1387879293", "to": "1388045594_254" }
    },
    {
      "type": "Feature",
      "geometry": {
        "type": "LineString",
        "coordinates": [
          [-83.374662, 33.938767],
          [-83.374667, 33.938797]
        ]
      },
      "properties": { "from": "1387879294", "to": "1389298214_12" }
    },
    {
      "type": "Feature",
      "geometry": {
        "type": "LineString",
        "coordinates": [
          [-83.374662, 33.938767],
          [-83.37466, 33.938715]
        ]
      },
      "properties": { "from": "1387879294", "to": "1388045594_87" }
    },
    {
      "type": "Feature",
      "geometry": {
        "type": "LineString",
        "coordinates": [
          [-83.374641, 33.938944],
          [-83.374613, 33.938959]
        ]
      },
      "properties": { "from": "1387879295", "to": "1389298214_56" }
    },
    {
      "type": "Feature",
      "geometry": {
        "type": "LineString",
        "coordinates": [
          [-83.374641, 33.938944],
          [-83.374635, 33.938993]
        ]
      },
      "properties": { "from": "1387879295", "to": "1388045595_247" }
    },
    {
      "type": "Feature",
      "geometry": {
        "type": "LineString",
        "coordinates": [
          [-83.37467, 33.938957],
          [-83.374668, 33.938912]
        ]
      },
      "properties": { "from": "1387879296", "to": "1389298214_20" }
    },
    {
      "type": "Feature",
      "geometry": {
        "type": "LineString",
        "coordinates": [
          [-83.37467, 33.938957],
          [-83.374672, 33.938997]
        ]
      },
      "properties": { "from": "1387879296", "to": "1388045595_273" }
    },
    {
      "type": "Feature",
      "geometry": {
        "type": "LineString",
        "coordinates": [
          [-83.374783, 33.938852],
          [-83.374667, 33.938797]
        ]
      },
      "properties": { "from": "1387879297", "to": "1389298214_12" }
    },
    {
      "type": "Feature",
      "geometry": {
        "type": "LineString",
        "coordinates": [
          [-83.374783, 33.938852],
          [-83.374846, 33.938735]
        ]
      },
      "properties": { "from": "1387879297", "to": "1388045594_114" }
    },
    {
      "type": "Feature",
      "geometry": {
        "type": "LineString",
        "coordinates": [
          [-83.374783, 33.938852],
          [-83.374856, 33.938964]
        ]
      },
      "properties": { "from": "1387879297", "to": "1388045595_146" }
    },
    {
      "type": "Feature",
      "geometry": {
        "type": "LineString",
        "coordinates": [
          [-83.374831, 33.938737],
          [-83.374846, 33.938735]
        ]
      },
      "properties": { "from": "1387879298", "to": "1388045594_114" }
    },
    {
      "type": "Feature",
      "geometry": {
        "type": "LineString",
        "coordinates": [
          [-83.374891, 33.938963],
          [-83.374907, 33.938977]
        ]
      },
      "properties": { "from": "1387879299", "to": "1388045595_176" }
    },
    {
      "type": "Feature",
      "geometry": {
        "type": "LineString",
        "coordinates": [
          [-83.374878, 33.938731],
          [-83.374881, 33.938705]
        ]
      },
      "properties": { "from": "1387879300", "to": "1388045594_10" }
    },
    {
      "type": "Feature",
      "geometry": {
        "type": "LineString",
        "coordinates": [
          [-83.374865, 33.938759],
          [-83.374846, 33.938735]
        ]
      },
      "properties": { "from": "1387879301", "to": "1388045594_114" }
    },
    {
      "type": "Feature",
      "geometry": {
        "type": "LineString",
        "coordinates": [
          [-83.374877, 33.938923],
          [-83.374864, 33.938962]
        ]
      },
      "properties": { "from": "1387879303", "to": "1388045595_141" }
    },
    {
      "type": "Feature",
      "geometry": {
        "type": "LineString",
        "coordinates": [
          [-83.374931, 33.938763],
          [-83.374929, 33.938705]
        ]
      },
      "properties": { "from": "1387879304", "to": "1388045594_183" }
    },
    {
      "type": "Feature",
      "geometry": {
        "type": "LineString",
        "coordinates": [
          [-83.37503, 33.93876],
          [-83.375029, 33.938701]
        ]
      },
      "properties": { "from": "1387879306", "to": "1388045594_163" }
    },
    {
      "type": "Feature",
      "geometry": {
        "type": "LineString",
        "coordinates": [
          [-83.374938, 33.93891],
          [-83.374937, 33.938983]
        ]
      },
      "properties": { "from": "1387879307", "to": "1388045595_178" }
    },
    {
      "type": "Feature",
      "geometry": {
        "type": "LineString",
        "coordinates": [
          [-83.375047, 33.938902],
          [-83.375047, 33.938979]
        ]
      },
      "properties": { "from": "1387879309", "to": "1388045595_164" }
    },
    {
      "type": "Feature",
      "geometry": {
        "type": "LineString",
        "coordinates": [
          [-83.37515, 33.938901],
          [-83.375192, 33.938907]
        ]
      },
      "properties": { "from": "1387879310", "to": "1388045588_61" }
    },
    {
      "type": "Feature",
      "geometry": {
        "type": "LineString",
        "coordinates": [
          [-83.37515, 33.938901],
          [-83.375147, 33.938977]
        ]
      },
      "properties": { "from": "1387879310", "to": "1388045595_188" }
    },
    {
      "type": "Feature",
      "geometry": {
        "type": "LineString",
        "coordinates": [
          [-83.375141, 33.938778],
          [-83.375192, 33.938767]
        ]
      },
      "properties": { "from": "1387879313", "to": "1388045588_49" }
    },
    {
      "type": "Feature",
      "geometry": {
        "type": "LineString",
        "coordinates": [
          [-83.375141, 33.938778],
          [-83.375139, 33.938696]
        ]
      },
      "properties": { "from": "1387879313", "to": "1388045594_134" }
    },
    {
      "type": "Feature",
      "geometry": {
        "type": "LineString",
        "coordinates": [
          [-83.375194, 33.938728],
          [-83.375225, 33.938725]
        ]
      },
      "properties": { "from": "1387879314", "to": "1388045588_12" }
    },
    {
      "type": "Feature",
      "geometry": {
        "type": "LineString",
        "coordinates": [
          [-83.375194, 33.938728],
          [-83.375193, 33.938696]
        ]
      },
      "properties": { "from": "1387879314", "to": "1388045594_141" }
    },
    {
      "type": "Feature",
      "geometry": {
        "type": "LineString",
        "coordinates": [
          [-83.375194, 33.938859],
          [-83.375191, 33.938887]
        ]
      },
      "properties": { "from": "1387879316", "to": "1388045588_56" }
    },
    {
      "type": "Feature",
      "geometry": {
        "type": "LineString",
        "coordinates": [
          [-83.375203, 33.93894],
          [-83.375235, 33.938941]
        ]
      },
      "properties": { "from": "1387879317", "to": "1388045588_41" }
    },
    {
      "type": "Feature",
      "geometry": {
        "type": "LineString",
        "coordinates": [
          [-83.375203, 33.93894],
          [-83.375211, 33.938972]
        ]
      },
      "properties": { "from": "1387879317", "to": "1388045595_170" }
    },
    {
      "type": "Feature",
      "geometry": {
        "type": "LineString",
        "coordinates": [
          [-83.374156, 33.938714],
          [-83.374163, 33.938703]
        ]
      },
      "properties": { "from": "1387879318", "to": "1387879319_0" }
    },
    {
      "type": "Feature",
      "geometry": {
        "type": "LineString",
        "coordinates": [
          [-83.374177, 33.93868],
          [-83.374184, 33.938701]
        ]
      },
      "properties": { "from": "1387879321", "to": "1387879319_4" }
    },
    {
      "type": "Feature",
      "geometry": {
        "type": "LineString",
        "coordinates": [
          [-83.374216, 33.938683],
          [-83.374196, 33.938703]
        ]
      },
      "properties": { "from": "1387879322", "to": "1387879319_6" }
    },
    {
      "type": "Feature",
      "geometry": {
        "type": "LineString",
        "coordinates": [
          [-83.374558, 33.938744],
          [-83.374572, 33.93874]
        ]
      },
      "properties": { "from": "1387879326", "to": "1389298214_28" }
    },
    {
      "type": "Feature",
      "geometry": {
        "type": "LineString",
        "coordinates": [
          [-83.374558, 33.938744],
          [-83.374562, 33.938718]
        ]
      },
      "properties": { "from": "1387879326", "to": "1388045594_2" }
    },
    {
      "type": "Feature",
      "geometry": {
        "type": "LineString",
        "coordinates": [
          [-83.374522, 33.938745],
          [-83.374509, 33.938726]
        ]
      },
      "properties": { "from": "1387879327", "to": "1388045594_118" }
    },
    {
      "type": "Feature",
      "geometry": {
        "type": "LineString",
        "coordinates": [
          [-83.374552, 33.938977],
          [-83.374593, 33.938949]
        ]
      },
      "properties": { "from": "1387879328", "to": "1389298214_54" }
    },
    {
      "type": "Feature",
      "geometry": {
        "type": "LineString",
        "coordinates": [
          [-83.374552, 33.938977],
          [-83.374531, 33.938991]
        ]
      },
      "properties": { "from": "1387879328", "to": "1388045595_157" }
    },
    {
      "type": "Feature",
      "geometry": {
        "type": "LineString",
        "coordinates": [
          [-83.374534, 33.938654],
          [-83.374532, 33.938719]
        ]
      },
      "properties": { "from": "1387879329", "to": "1388045594_99" }
    },
    {
      "type": "Feature",
      "geometry": {
        "type": "LineString",
        "coordinates": [
          [-83.374683, 33.938649],
          [-83.374681, 33.938712]
        ]
      },
      "properties": { "from": "1387879330", "to": "1388045594_83" }
    },
    {
      "type": "Feature",
      "geometry": {
        "type": "LineString",
        "coordinates": [
          [-83.374828, 33.938643],
          [-83.374831, 33.938708]
        ]
      },
      "properties": { "from": "1387879331", "to": "1388045594_60" }
    },
    {
      "type": "Feature",
      "geometry": {
        "type": "LineString",
        "coordinates": [
          [-83.374933, 33.938634],
          [-83.374931, 33.938704]
        ]
      },
      "properties": { "from": "1387879332", "to": "1388045594_182" }
    },
    {
      "type": "Feature",
      "geometry": {
        "type": "LineString",
        "coordinates": [
          [-83.375027, 33.938614],
          [-83.375031, 33.9387]
        ]
      },
      "properties": { "from": "1387879333", "to": "1388045594_162" }
    },
    {
      "type": "Feature",
      "geometry": {
        "type": "LineString",
        "coordinates": [
          [-83.375084, 33.938649],
          [-83.375111, 33.938685]
        ]
      },
      "properties": { "from": "1387879335", "to": "1388045594_22" }
    },
    {
      "type": "Feature",
      "geometry": {
        "type": "LineString",
        "coordinates": [
          [-83.374574, 33.939067],
          [-83.374573, 33.939006]
        ]
      },
      "properties": { "from": "1387879338", "to": "1388045595_282" }
    },
    {
      "type": "Feature",
      "geometry": {
        "type": "LineString",
        "coordinates": [
          [-83.374697, 33.939063],
          [-83.374692, 33.938996]
        ]
      },
      "properties": { "from": "1387879339", "to": "1388045595_269" }
    },
    {
      "type": "Feature",
      "geometry": {
        "type": "LineString",
        "coordinates": [
          [-83.374844, 33.939057],
          [-83.374842, 33.938991]
        ]
      },
      "properties": { "from": "1387879340", "to": "1388045595_241" }
    },
    {
      "type": "Feature",
      "geometry": {
        "type": "LineString",
        "coordinates": [
          [-83.375023, 33.939046],
          [-83.375075, 33.939008]
        ]
      },
      "properties": { "from": "1387879341", "to": "1388045595_231" }
    },
    {
      "type": "Feature",
      "geometry": {
        "type": "LineString",
        "coordinates": [
          [-83.375083, 33.939037],
          [-83.375075, 33.939008]
        ]
      },
      "properties": { "from": "1387879342", "to": "1388045595_231" }
    },
    {
      "type": "Feature",
      "geometry": {
        "type": "LineString",
        "coordinates": [
          [-83.375159, 33.939038],
          [-83.375153, 33.938978]
        ]
      },
      "properties": { "from": "1387879344", "to": "1388045595_187" }
    },
    {
      "type": "Feature",
      "geometry": {
        "type": "LineString",
        "coordinates": [
          [-83.375391, 33.939036],
          [-83.375386, 33.938969]
        ]
      },
      "properties": { "from": "1387879345", "to": "1388045595_13" }
    },
    {
      "type": "Feature",
      "geometry": {
        "type": "LineString",
        "coordinates": [
          [-83.375545, 33.93899],
          [-83.375549, 33.939014]
        ]
      },
      "properties": { "from": "1387879346", "to": "1388045595_80" }
    },
    {
      "type": "Feature",
      "geometry": {
        "type": "LineString",
        "coordinates": [
          [-83.3755, 33.938992],
          [-83.375499, 33.939016]
        ]
      },
      "properties": { "from": "1387879347", "to": "1388045595_101" }
    },
    {
      "type": "Feature",
      "geometry": {
        "type": "LineString",
        "coordinates": [
          [-83.375457, 33.939002],
          [-83.375478, 33.939018]
        ]
      },
      "properties": { "from": "1387879348", "to": "1388045595_104" }
    },
    {
      "type": "Feature",
      "geometry": {
        "type": "LineString",
        "coordinates": [
          [-83.37546, 33.939031],
          [-83.375476, 33.939021]
        ]
      },
      "properties": { "from": "1387879349", "to": "1388045595_107" }
    },
    {
      "type": "Feature",
      "geometry": {
        "type": "LineString",
        "coordinates": [
          [-83.375488, 33.93905],
          [-83.375476, 33.939021]
        ]
      },
      "properties": { "from": "1387879351", "to": "1388045595_107" }
    },
    {
      "type": "Feature",
      "geometry": {
        "type": "LineString",
        "coordinates": [
          [-83.375523, 33.93905],
          [-83.375516, 33.939017]
        ]
      },
      "properties": { "from": "1387879352", "to": "1388045595_98" }
    },
    {
      "type": "Feature",
      "geometry": {
        "type": "LineString",
        "coordinates": [
          [-83.375566, 33.939045],
          [-83.375566, 33.939015]
        ]
      },
      "properties": { "from": "1387879353", "to": "1388045595_91" }
    },
    {
      "type": "Feature",
      "geometry": {
        "type": "LineString",
        "coordinates": [
          [-83.375528, 33.938906],
          [-83.375583, 33.938931]
        ]
      },
      "properties": { "from": "1387879354", "to": "1388045586_55" }
    },
    {
      "type": "Feature",
      "geometry": {
        "type": "LineString",
        "coordinates": [
          [-83.375528, 33.938906],
          [-83.375536, 33.938962]
        ]
      },
      "properties": { "from": "1387879354", "to": "1388045595_1" }
    },
    {
      "type": "Feature",
      "geometry": {
        "type": "LineString",
        "coordinates": [
          [-83.37544, 33.93891],
          [-83.375446, 33.938966]
        ]
      },
      "properties": { "from": "1387879355", "to": "1388045595_4" }
    },
    {
      "type": "Feature",
      "geometry": {
        "type": "LineString",
        "coordinates": [
          [-83.375456, 33.938708],
          [-83.375456, 33.938731]
        ]
      },
      "properties": { "from": "1387879356", "to": "1388045589_36" }
    },
    {
      "type": "Feature",
      "geometry": {
        "type": "LineString",
        "coordinates": [
          [-83.375456, 33.938708],
          [-83.375453, 33.938685]
        ]
      },
      "properties": { "from": "1387879356", "to": "1388045594_226" }
    },
    {
      "type": "Feature",
      "geometry": {
        "type": "LineString",
        "coordinates": [
          [-83.375507, 33.938706],
          [-83.375506, 33.938729]
        ]
      },
      "properties": { "from": "1387879357", "to": "1388045589_46" }
    },
    {
      "type": "Feature",
      "geometry": {
        "type": "LineString",
        "coordinates": [
          [-83.375507, 33.938706],
          [-83.375505, 33.938683]
        ]
      },
      "properties": { "from": "1387879357", "to": "1388045594_247" }
    },
    {
      "type": "Feature",
      "geometry": {
        "type": "LineString",
        "coordinates": [
          [-83.375558, 33.938704],
          [-83.375556, 33.938727]
        ]
      },
      "properties": { "from": "1387879358", "to": "1388045589_12" }
    },
    {
      "type": "Feature",
      "geometry": {
        "type": "LineString",
        "coordinates": [
          [-83.375558, 33.938704],
          [-83.375553, 33.938682]
        ]
      },
      "properties": { "from": "1387879358", "to": "1388045594_54" }
    },
    {
      "type": "Feature",
      "geometry": {
        "type": "LineString",
        "coordinates": [
          [-83.375557, 33.938753],
          [-83.375567, 33.938775]
        ]
      },
      "properties": { "from": "1387879359", "to": "1388045586_26" }
    },
    {
      "type": "Feature",
      "geometry": {
        "type": "LineString",
        "coordinates": [
          [-83.375557, 33.938753],
          [-83.375553, 33.938729]
        ]
      },
      "properties": { "from": "1387879359", "to": "1388045589_13" }
    },
    {
      "type": "Feature",
      "geometry": {
        "type": "LineString",
        "coordinates": [
          [-83.375519, 33.938751],
          [-83.375523, 33.93873]
        ]
      },
      "properties": { "from": "1387879360", "to": "1388045589_43" }
    },
    {
      "type": "Feature",
      "geometry": {
        "type": "LineString",
        "coordinates": [
          [-83.375481, 33.938752],
          [-83.375483, 33.938732]
        ]
      },
      "properties": { "from": "1387879361", "to": "1388045589_30" }
    },
    {
      "type": "Feature",
      "geometry": {
        "type": "LineString",
        "coordinates": [
          [-83.375443, 33.938754],
          [-83.375443, 33.938733]
        ]
      },
      "properties": { "from": "1387879362", "to": "1388045589_51" }
    },
    {
      "type": "Feature",
      "geometry": {
        "type": "LineString",
        "coordinates": [
          [-83.375412, 33.938728],
          [-83.375433, 33.938735]
        ]
      },
      "properties": { "from": "1387879363", "to": "1388045589_52" }
    },
    {
      "type": "Feature",
      "geometry": {
        "type": "LineString",
        "coordinates": [
          [-83.375412, 33.938728],
          [-83.375403, 33.938688]
        ]
      },
      "properties": { "from": "1387879363", "to": "1388045594_236" }
    },
    {
      "type": "Feature",
      "geometry": {
        "type": "LineString",
        "coordinates": [
          [-83.375152, 33.938626],
          [-83.375214, 33.93867]
        ]
      },
      "properties": { "from": "1387879364", "to": "1388045592_29" }
    },
    {
      "type": "Feature",
      "geometry": {
        "type": "LineString",
        "coordinates": [
          [-83.375152, 33.938626],
          [-83.375156, 33.938694]
        ]
      },
      "properties": { "from": "1387879364", "to": "1388045594_131" }
    },
    {
      "type": "Feature",
      "geometry": {
        "type": "LineString",
        "coordinates": [
          [-83.375323, 33.938605],
          [-83.375232, 33.938605]
        ]
      },
      "properties": { "from": "1387879365", "to": "1388045592_21" }
    },
    {
      "type": "Feature",
      "geometry": {
        "type": "LineString",
        "coordinates": [
          [-83.375323, 33.938605],
          [-83.375326, 33.938693]
        ]
      },
      "properties": { "from": "1387879365", "to": "1388045594_122" }
    },
    {
      "type": "Feature",
      "geometry": {
        "type": "LineString",
        "coordinates": [
          [-83.375365, 33.938663],
          [-83.375393, 33.938669]
        ]
      },
      "properties": { "from": "1387879366", "to": "1388045593_34" }
    },
    {
      "type": "Feature",
      "geometry": {
        "type": "LineString",
        "coordinates": [
          [-83.375365, 33.938663],
          [-83.375366, 33.938692]
        ]
      },
      "properties": { "from": "1387879366", "to": "1388045594_244" }
    },
    {
      "type": "Feature",
      "geometry": {
        "type": "LineString",
        "coordinates": [
          [-83.375364, 33.938632],
          [-83.375392, 33.938631]
        ]
      },
      "properties": { "from": "1387879367", "to": "1388045593_25" }
    },
    {
      "type": "Feature",
      "geometry": {
        "type": "LineString",
        "coordinates": [
          [-83.375361, 33.938593],
          [-83.37539, 33.938591]
        ]
      },
      "properties": { "from": "1387879368", "to": "1388045593_9" }
    },
    {
      "type": "Feature",
      "geometry": {
        "type": "LineString",
        "coordinates": [
          [-83.375359, 33.938555],
          [-83.375387, 33.938544]
        ]
      },
      "properties": { "from": "1387879369", "to": "1388045593_0" }
    },
    {
      "type": "Feature",
      "geometry": {
        "type": "LineString",
        "coordinates": [
          [-83.375466, 33.938655],
          [-83.3755, 33.938651]
        ]
      },
      "properties": { "from": "1387879370", "to": "1388045593_66" }
    },
    {
      "type": "Feature",
      "geometry": {
        "type": "LineString",
        "coordinates": [
          [-83.375466, 33.938655],
          [-83.375466, 33.938684]
        ]
      },
      "properties": { "from": "1387879370", "to": "1388045594_223" }
    },
    {
      "type": "Feature",
      "geometry": {
        "type": "LineString",
        "coordinates": [
          [-83.375465, 33.938628],
          [-83.375499, 33.938631]
        ]
      },
      "properties": { "from": "1387879371", "to": "1388045593_62" }
    },
    {
      "type": "Feature",
      "geometry": {
        "type": "LineString",
        "coordinates": [
          [-83.375464, 33.938601],
          [-83.375498, 33.938601]
        ]
      },
      "properties": { "from": "1387879372", "to": "1388045593_58" }
    },
    {
      "type": "Feature",
      "geometry": {
        "type": "LineString",
        "coordinates": [
          [-83.375426, 33.93858],
          [-83.375428, 33.938551]
        ]
      },
      "properties": { "from": "1387879373", "to": "1388045593_11" }
    },
    {
      "type": "Feature",
      "geometry": {
        "type": "LineString",
        "coordinates": [
          [-83.375427, 33.938607],
          [-83.375392, 33.938604]
        ]
      },
      "properties": { "from": "1387879374", "to": "1388045593_20" }
    },
    {
      "type": "Feature",
      "geometry": {
        "type": "LineString",
        "coordinates": [
          [-83.375429, 33.938635],
          [-83.375393, 33.938634]
        ]
      },
      "properties": { "from": "1387879375", "to": "1388045593_26" }
    },
    {
      "type": "Feature",
      "geometry": {
        "type": "LineString",
        "coordinates": [
          [-83.37543, 33.938662],
          [-83.375395, 33.938664]
        ]
      },
      "properties": { "from": "1387879376", "to": "1388045593_32" }
    },
    {
      "type": "Feature",
      "geometry": {
        "type": "LineString",
        "coordinates": [
          [-83.37543, 33.938662],
          [-83.375426, 33.938684]
        ]
      },
      "properties": { "from": "1387879376", "to": "1388045594_228" }
    },
    {
      "type": "Feature",
      "geometry": {
        "type": "LineString",
        "coordinates": [
          [-83.375463, 33.938574],
          [-83.375467, 33.938549]
        ]
      },
      "properties": { "from": "1387879377", "to": "1388045593_51" }
    },
    {
      "type": "Feature",
      "geometry": {
        "type": "LineString",
        "coordinates": [
          [-83.375523, 33.938554],
          [-83.375495, 33.938559]
        ]
      },
      "properties": { "from": "1387879378", "to": "1388045593_42" }
    },
    {
      "type": "Feature",
      "geometry": {
        "type": "LineString",
        "coordinates": [
          [-83.375524, 33.938578],
          [-83.375498, 33.938579]
        ]
      },
      "properties": { "from": "1387879379", "to": "1388045593_47" }
    },
    {
      "type": "Feature",
      "geometry": {
        "type": "LineString",
        "coordinates": [
          [-83.375541, 33.938653],
          [-83.375564, 33.938649]
        ]
      },
      "properties": { "from": "1387879380", "to": "1387879286_5" }
    },
    {
      "type": "Feature",
      "geometry": {
        "type": "LineString",
        "coordinates": [
          [-83.375541, 33.938653],
          [-83.375505, 33.938667]
        ]
      },
      "properties": { "from": "1387879380", "to": "1388045593_70" }
    },
    {
      "type": "Feature",
      "geometry": {
        "type": "LineString",
        "coordinates": [
          [-83.375541, 33.938653],
          [-83.375564, 33.938662]
        ]
      },
      "properties": { "from": "1387879380", "to": "1388045594_43" }
    },
    {
      "type": "Feature",
      "geometry": {
        "type": "LineString",
        "coordinates": [
          [-83.375537, 33.938624],
          [-83.375566, 33.93863]
        ]
      },
      "properties": { "from": "1387879381", "to": "1387879286_0" }
    },
    {
      "type": "Feature",
      "geometry": {
        "type": "LineString",
        "coordinates": [
          [-83.375537, 33.938624],
          [-83.375501, 33.938628]
        ]
      },
      "properties": { "from": "1387879381", "to": "1388045593_61" }
    },
    {
      "type": "Feature",
      "geometry": {
        "type": "LineString",
        "coordinates": [
          [-83.375535, 33.938595],
          [-83.375499, 33.938599]
        ]
      },
      "properties": { "from": "1387879382", "to": "1388045593_57" }
    },
    {
      "type": "Feature",
      "geometry": {
        "type": "LineString",
        "coordinates": [
          [-83.375632, 33.93865],
          [-83.375587, 33.938645]
        ]
      },
      "properties": { "from": "1387879383", "to": "1387879286_10" }
    },
    {
      "type": "Feature",
      "geometry": {
        "type": "LineString",
        "coordinates": [
          [-83.375632, 33.93865],
          [-83.375635, 33.938682]
        ]
      },
      "properties": { "from": "1387879383", "to": "1388045594_212" }
    },
    {
      "type": "Feature",
      "geometry": {
        "type": "LineString",
        "coordinates": [
          [-83.375685, 33.938638],
          [-83.375685, 33.93868]
        ]
      },
      "properties": { "from": "1387879384", "to": "1388045594_202" }
    },
    {
      "type": "Feature",
      "geometry": {
        "type": "LineString",
        "coordinates": [
          [-83.375653, 33.938707],
          [-83.375614, 33.938703]
        ]
      },
      "properties": { "from": "1387879385", "to": "1388045589_0" }
    },
    {
      "type": "Feature",
      "geometry": {
        "type": "LineString",
        "coordinates": [
          [-83.375653, 33.938707],
          [-83.375652, 33.938682]
        ]
      },
      "properties": { "from": "1387879385", "to": "1388045594_209" }
    },
    {
      "type": "Feature",
      "geometry": {
        "type": "LineString",
        "coordinates": [
          [-83.375655, 33.93873],
          [-83.375614, 33.938703]
        ]
      },
      "properties": { "from": "1387879386", "to": "1388045589_0" }
    },
    {
      "type": "Feature",
      "geometry": {
        "type": "LineString",
        "coordinates": [
          [-83.37566, 33.938761],
          [-83.375666, 33.93878]
        ]
      },
      "properties": { "from": "1387879387", "to": "1388045586_0" }
    },
    {
      "type": "Feature",
      "geometry": {
        "type": "LineString",
        "coordinates": [
          [-83.37566, 33.938761],
          [-83.37562, 33.938769]
        ]
      },
      "properties": { "from": "1387879387", "to": "1388045589_28" }
    },
    {
      "type": "Feature",
      "geometry": {
        "type": "LineString",
        "coordinates": [
          [-83.375698, 33.938735],
          [-83.375702, 33.93868]
        ]
      },
      "properties": { "from": "1387879388", "to": "1388045594_199" }
    },
    {
      "type": "Feature",
      "geometry": {
        "type": "LineString",
        "coordinates": [
          [-83.375664, 33.938934],
          [-83.375628, 33.938941]
        ]
      },
      "properties": { "from": "1387879389", "to": "1388045586_51" }
    },
    {
      "type": "Feature",
      "geometry": {
        "type": "LineString",
        "coordinates": [
          [-83.375664, 33.938934],
          [-83.375666, 33.93896]
        ]
      },
      "properties": { "from": "1387879389", "to": "1388045595_55" }
    },
    {
      "type": "Feature",
      "geometry": {
        "type": "LineString",
        "coordinates": [
          [-83.375662, 33.938886],
          [-83.375675, 33.938862]
        ]
      },
      "properties": { "from": "1387879390", "to": "1388045586_16" }
    },
    {
      "type": "Feature",
      "geometry": {
        "type": "LineString",
        "coordinates": [
          [-83.375663, 33.938915],
          [-83.375628, 33.938941]
        ]
      },
      "properties": { "from": "1387879391", "to": "1388045586_51" }
    },
    {
      "type": "Feature",
      "geometry": {
        "type": "LineString",
        "coordinates": [
          [-83.375699, 33.938885],
          [-83.375675, 33.938862]
        ]
      },
      "properties": { "from": "1387879392", "to": "1388045586_16" }
    },
    {
      "type": "Feature",
      "geometry": {
        "type": "LineString",
        "coordinates": [
          [-83.375705, 33.938926],
          [-83.375705, 33.938958]
        ]
      },
      "properties": { "from": "1387879393", "to": "1388045595_42" }
    },
    {
      "type": "Feature",
      "geometry": {
        "type": "LineString",
        "coordinates": [
          [-83.375704, 33.939004],
          [-83.375682, 33.939002]
        ]
      },
      "properties": { "from": "1387879395", "to": "1388045595_76" }
    },
    {
      "type": "Feature",
      "geometry": {
        "type": "LineString",
        "coordinates": [
          [-83.375734, 33.938986],
          [-83.375731, 33.938958]
        ]
      },
      "properties": { "from": "1387879396", "to": "1388045595_37" }
    },
    {
      "type": "Feature",
      "geometry": {
        "type": "LineString",
        "coordinates": [
          [-83.375767, 33.938982],
          [-83.375771, 33.938965]
        ]
      },
      "properties": { "from": "1387879397", "to": "1388045595_56" }
    },
    {
      "type": "Feature",
      "geometry": {
        "type": "LineString",
        "coordinates": [
          [-83.375767, 33.938982],
          [-83.375782, 33.938976]
        ]
      },
      "properties": { "from": "1387879397", "to": "1388045596_84" }
    },
    {
      "type": "Feature",
      "geometry": {
        "type": "LineString",
        "coordinates": [
          [-83.375747, 33.938915],
          [-83.375755, 33.938956]
        ]
      },
      "properties": { "from": "1387879398", "to": "1388045595_27" }
    },
    {
      "type": "Feature",
      "geometry": {
        "type": "LineString",
        "coordinates": [
          [-83.375747, 33.938915],
          [-83.375793, 33.938916]
        ]
      },
      "properties": { "from": "1387879398", "to": "1388045596_86" }
    },
    {
      "type": "Feature",
      "geometry": {
        "type": "LineString",
        "coordinates": [
          [-83.375756, 33.938878],
          [-83.375792, 33.938877]
        ]
      },
      "properties": { "from": "1387879399", "to": "1388045596_74" }
    },
    {
      "type": "Feature",
      "geometry": {
        "type": "LineString",
        "coordinates": [
          [-83.375739, 33.938752],
          [-83.375785, 33.938746]
        ]
      },
      "properties": { "from": "1387879400", "to": "1388045596_58" }
    },
    {
      "type": "Feature",
      "geometry": {
        "type": "LineString",
        "coordinates": [
          [-83.375737, 33.938728],
          [-83.375784, 33.938726]
        ]
      },
      "properties": { "from": "1387879401", "to": "1388045596_54" }
    },
    {
      "type": "Feature",
      "geometry": {
        "type": "LineString",
        "coordinates": [
          [-83.375747, 33.938701],
          [-83.375763, 33.938688]
        ]
      },
      "properties": { "from": "1387879402", "to": "1388045594_255" }
    },
    {
      "type": "Feature",
      "geometry": {
        "type": "LineString",
        "coordinates": [
          [-83.375747, 33.938701],
          [-83.375782, 33.938696]
        ]
      },
      "properties": { "from": "1387879402", "to": "1388045596_48" }
    },
    {
      "type": "Feature",
      "geometry": {
        "type": "LineString",
        "coordinates": [
          [-83.375717, 33.938628],
          [-83.375715, 33.938678]
        ]
      },
      "properties": { "from": "1387879404", "to": "1388045594_195" }
    },
    {
      "type": "Feature",
      "geometry": {
        "type": "LineString",
        "coordinates": [
          [-83.375747, 33.938654],
          [-83.375762, 33.938671]
        ]
      },
      "properties": { "from": "1387879405", "to": "1388045594_34" }
    },
    {
      "type": "Feature",
      "geometry": {
        "type": "LineString",
        "coordinates": [
          [-83.375747, 33.938654],
          [-83.37578, 33.938656]
        ]
      },
      "properties": { "from": "1387879405", "to": "1388045596_39" }
    },
    {
      "type": "Feature",
      "geometry": {
        "type": "LineString",
        "coordinates": [
          [-83.375748, 33.93862],
          [-83.375763, 33.938601]
        ]
      },
      "properties": { "from": "1387879406", "to": "1388045596_26" }
    },
    {
      "type": "Feature",
      "geometry": {
        "type": "LineString",
        "coordinates": [
          [-83.375743, 33.938585],
          [-83.375763, 33.938601]
        ]
      },
      "properties": { "from": "1387879407", "to": "1388045596_26" }
    },
    {
      "type": "Feature",
      "geometry": {
        "type": "LineString",
        "coordinates": [
          [-83.375779, 33.93858],
          [-83.375789, 33.938601]
        ]
      },
      "properties": { "from": "1387879408", "to": "1388045596_40" }
    },
    {
      "type": "Feature",
      "geometry": {
        "type": "LineString",
        "coordinates": [
          [-83.375827, 33.938586],
          [-83.375789, 33.938601]
        ]
      },
      "properties": { "from": "1387879409", "to": "1388045596_40" }
    },
    {
      "type": "Feature",
      "geometry": {
        "type": "LineString",
        "coordinates": [
          [-83.375836, 33.938631],
          [-83.375781, 33.938632]
        ]
      },
      "properties": { "from": "1387879410", "to": "1388045596_35" }
    },
    {
      "type": "Feature",
      "geometry": {
        "type": "LineString",
        "coordinates": [
          [-83.375832, 33.938693],
          [-83.375783, 33.938699]
        ]
      },
      "properties": { "from": "1387879411", "to": "1388045596_49" }
    },
    {
      "type": "Feature",
      "geometry": {
        "type": "LineString",
        "coordinates": [
          [-83.375842, 33.938764],
          [-83.375866, 33.938786]
        ]
      },
      "properties": { "from": "1387879412", "to": "1388045596_11" }
    },
    {
      "type": "Feature",
      "geometry": {
        "type": "LineString",
        "coordinates": [
          [-83.375848, 33.938872],
          [-83.37587, 33.938842]
        ]
      },
      "properties": { "from": "1387879413", "to": "1388045596_16" }
    },
    {
      "type": "Feature",
      "geometry": {
        "type": "LineString",
        "coordinates": [
          [-83.375852, 33.938944],
          [-83.375805, 33.938973]
        ]
      },
      "properties": { "from": "1387879414", "to": "1388045596_97" }
    },
    {
      "type": "Feature",
      "geometry": {
        "type": "LineString",
        "coordinates": [
          [-83.375828, 33.939001],
          [-83.375805, 33.938973]
        ]
      },
      "properties": { "from": "1387879416", "to": "1388045596_97" }
    },
    {
      "type": "Feature",
      "geometry": {
        "type": "LineString",
        "coordinates": [
          [-83.374644, 33.938819],
          [-83.374635, 33.938828]
        ]
      },
      "properties": { "from": "1389298214_0", "to": "1389298214_1" }
    },
    {
      "type": "Feature",
      "geometry": {
        "type": "LineString",
        "coordinates": [
          [-83.374644, 33.938819],
          [-83.374647, 33.938817]
        ]
      },
      "properties": { "from": "1389298214_0", "to": "1389298214_15" }
    },
    {
      "type": "Feature",
      "geometry": {
        "type": "LineString",
        "coordinates": [
          [-83.374635, 33.938828],
          [-83.374632, 33.93883]
        ]
      },
      "properties": { "from": "1389298214_1", "to": "1389298214_2" }
    },
    {
      "type": "Feature",
      "geometry": {
        "type": "LineString",
        "coordinates": [
          [-83.374632, 33.93883],
          [-83.374625, 33.938837]
        ]
      },
      "properties": { "from": "1389298214_2", "to": "1389298214_5" }
    },
    {
      "type": "Feature",
      "geometry": {
        "type": "LineString",
        "coordinates": [
          [-83.374616, 33.938827],
          [-83.374621, 33.938833]
        ]
      },
      "properties": { "from": "1389298214_3", "to": "1389298214_4" }
    },
    {
      "type": "Feature",
      "geometry": {
        "type": "LineString",
        "coordinates": [
          [-83.374616, 33.938827],
          [-83.374612, 33.938822]
        ]
      },
      "properties": { "from": "1389298214_3", "to": "1389298214_44" }
    },
    {
      "type": "Feature",
      "geometry": {
        "type": "LineString",
        "coordinates": [
          [-83.374621, 33.938833],
          [-83.374625, 33.938837]
        ]
      },
      "properties": { "from": "1389298214_4", "to": "1389298214_5" }
    },
    {
      "type": "Feature",
      "geometry": {
        "type": "LineString",
        "coordinates": [
          [-83.374625, 33.938837],
          [-83.374625, 33.938838]
        ]
      },
      "properties": { "from": "1389298214_5", "to": "1389298214_6" }
    },
    {
      "type": "Feature",
      "geometry": {
        "type": "LineString",
        "coordinates": [
          [-83.374625, 33.938838],
          [-83.374625, 33.938847]
        ]
      },
      "properties": { "from": "1389298214_6", "to": "1389298214_7" }
    },
    {
      "type": "Feature",
      "geometry": {
        "type": "LineString",
        "coordinates": [
          [-83.374625, 33.938847],
          [-83.374625, 33.938848]
        ]
      },
      "properties": { "from": "1389298214_7", "to": "1389298214_8" }
    },
    {
      "type": "Feature",
      "geometry": {
        "type": "LineString",
        "coordinates": [
          [-83.374625, 33.938848],
          [-83.374626, 33.938857]
        ]
      },
      "properties": { "from": "1389298214_8", "to": "1389298214_9" }
    },
    {
      "type": "Feature",
      "geometry": {
        "type": "LineString",
        "coordinates": [
          [-83.374626, 33.938857],
          [-83.374626, 33.938858]
        ]
      },
      "properties": { "from": "1389298214_9", "to": "1389298214_10" }
    },
    {
      "type": "Feature",
      "geometry": {
        "type": "LineString",
        "coordinates": [
          [-83.374626, 33.938858],
          [-83.374626, 33.938867]
        ]
      },
      "properties": { "from": "1389298214_10", "to": "1389298214_11" }
    },
    {
      "type": "Feature",
      "geometry": {
        "type": "LineString",
        "coordinates": [
          [-83.374626, 33.938867],
          [-83.374626, 33.938868]
        ]
      },
      "properties": { "from": "1389298214_11", "to": "1389298214_21" }
    },
    {
      "type": "Feature",
      "geometry": {
        "type": "LineString",
        "coordinates": [
          [-83.374667, 33.938797],
          [-83.374658, 33.938807]
        ]
      },
      "properties": { "from": "1389298214_12", "to": "1389298214_13" }
    },
    {
      "type": "Feature",
      "geometry": {
        "type": "LineString",
        "coordinates": [
          [-83.374658, 33.938807],
          [-83.374656, 33.938808]
        ]
      },
      "properties": { "from": "1389298214_13", "to": "1389298214_14" }
    },
    {
      "type": "Feature",
      "geometry": {
        "type": "LineString",
        "coordinates": [
          [-83.374656, 33.938808],
          [-83.374647, 33.938817]
        ]
      },
      "properties": { "from": "1389298214_14", "to": "1389298214_15" }
    },
    {
      "type": "Feature",
      "geometry": {
        "type": "LineString",
        "coordinates": [
          [-83.374652, 33.938897],
          [-83.374643, 33.938891]
        ]
      },
      "properties": { "from": "1389298214_16", "to": "1389298214_17" }
    },
    {
      "type": "Feature",
      "geometry": {
        "type": "LineString",
        "coordinates": [
          [-83.374652, 33.938897],
          [-83.374655, 33.938901]
        ]
      },
      "properties": { "from": "1389298214_16", "to": "1389298214_18" }
    },
    {
      "type": "Feature",
      "geometry": {
        "type": "LineString",
        "coordinates": [
          [-83.374643, 33.938891],
          [-83.374639, 33.938887]
        ]
      },
      "properties": { "from": "1389298214_17", "to": "1389298214_26" }
    },
    {
      "type": "Feature",
      "geometry": {
        "type": "LineString",
        "coordinates": [
          [-83.374655, 33.938901],
          [-83.374664, 33.938907]
        ]
      },
      "properties": { "from": "1389298214_18", "to": "1389298214_19" }
    },
    {
      "type": "Feature",
      "geometry": {
        "type": "LineString",
        "coordinates": [
          [-83.374664, 33.938907],
          [-83.374668, 33.938912]
        ]
      },
      "properties": { "from": "1389298214_19", "to": "1389298214_20" }
    },
    {
      "type": "Feature",
      "geometry": {
        "type": "LineString",
        "coordinates": [
          [-83.374626, 33.938868],
          [-83.374627, 33.938877]
        ]
      },
      "properties": { "from": "1389298214_21", "to": "1389298214_22" }
    },
    {
      "type": "Feature",
      "geometry": {
        "type": "LineString",
        "coordinates": [
          [-83.374627, 33.938877],
          [-83.374627, 33.938878]
        ]
      },
      "properties": { "from": "1389298214_22", "to": "1389298214_23" }
    },
    {
      "type": "Feature",
      "geometry": {
        "type": "LineString",
        "coordinates": [
          [-83.374627, 33.938878],
          [-83.37463, 33.938881]
        ]
      },
      "properties": { "from": "1389298214_23", "to": "1389298214_24" }
    },
    {
      "type": "Feature",
      "geometry": {
        "type": "LineString",
        "coordinates": [
          [-83.374627, 33.938878],
          [-83.374621, 33.938885]
        ]
      },
      "properties": { "from": "1389298214_23", "to": "1389298214_25" }
    },
    {
      "type": "Feature",
      "geometry": {
        "type": "LineString",
        "coordinates": [
          [-83.37463, 33.938881],
          [-83.374639, 33.938887]
        ]
      },
      "properties": { "from": "1389298214_24", "to": "1389298214_26" }
    },
    {
      "type": "Feature",
      "geometry": {
        "type": "LineString",
        "coordinates": [
          [-83.374621, 33.938885],
          [-83.374619, 33.938887]
        ]
      },
      "properties": { "from": "1389298214_25", "to": "1389298214_27" }
    },
    {
      "type": "Feature",
      "geometry": {
        "type": "LineString",
        "coordinates": [
          [-83.374619, 33.938887],
          [-83.374611, 33.938898]
        ]
      },
      "properties": { "from": "1389298214_27", "to": "1389298214_45" }
    },
    {
      "type": "Feature",
      "geometry": {
        "type": "LineString",
        "coordinates": [
          [-83.374572, 33.93874],
          [-83.374577, 33.938743]
        ]
      },
      "properties": { "from": "1389298214_28", "to": "1389298214_29" }
    },
    {
      "type": "Feature",
      "geometry": {
        "type": "LineString",
        "coordinates": [
          [-83.374577, 33.938743],
          [-83.37458, 33.938749]
        ]
      },
      "properties": { "from": "1389298214_29", "to": "1389298214_30" }
    },
    {
      "type": "Feature",
      "geometry": {
        "type": "LineString",
        "coordinates": [
          [-83.37458, 33.938749],
          [-83.374584, 33.938753]
        ]
      },
      "properties": { "from": "1389298214_30", "to": "1389298214_31" }
    },
    {
      "type": "Feature",
      "geometry": {
        "type": "LineString",
        "coordinates": [
          [-83.374584, 33.938753],
          [-83.374587, 33.938759]
        ]
      },
      "properties": { "from": "1389298214_31", "to": "1389298214_32" }
    },
    {
      "type": "Feature",
      "geometry": {
        "type": "LineString",
        "coordinates": [
          [-83.374587, 33.938759],
          [-83.37459, 33.938762]
        ]
      },
      "properties": { "from": "1389298214_32", "to": "1389298214_33" }
    },
    {
      "type": "Feature",
      "geometry": {
        "type": "LineString",
        "coordinates": [
          [-83.37459, 33.938762],
          [-83.374592, 33.938759]
        ]
      },
      "properties": { "from": "1389298214_33", "to": "1389298214_34" }
    },
    {
      "type": "Feature",
      "geometry": {
        "type": "LineString",
        "coordinates": [
          [-83.37459, 33.938762],
          [-83.37459, 33.938764]
        ]
      },
      "properties": { "from": "1389298214_33", "to": "1389298214_35" }
    },
    {
      "type": "Feature",
      "geometry": {
        "type": "LineString",
        "coordinates": [
          [-83.37459, 33.938764],
          [-83.37459, 33.938769]
        ]
      },
      "properties": { "from": "1389298214_35", "to": "1389298214_36" }
    },
    {
      "type": "Feature",
      "geometry": {
        "type": "LineString",
        "coordinates": [
          [-83.37459, 33.938769],
          [-83.374591, 33.938774]
        ]
      },
      "properties": { "from": "1389298214_36", "to": "1389298214_37" }
    },
    {
      "type": "Feature",
      "geometry": {
        "type": "LineString",
        "coordinates": [
          [-83.374591, 33.938774],
          [-83.374591, 33.938779]
        ]
      },
      "properties": { "from": "1389298214_37", "to": "1389298214_38" }
    },
    {
      "type": "Feature",
      "geometry": {
        "type": "LineString",
        "coordinates": [
          [-83.374591, 33.938779],
          [-83.374593, 33.938784]
        ]
      },
      "properties": { "from": "1389298214_38", "to": "1389298214_39" }
    },
    {
      "type": "Feature",
      "geometry": {
        "type": "LineString",
        "coordinates": [
          [-83.374593, 33.938784],
          [-83.374593, 33.938789]
        ]
      },
      "properties": { "from": "1389298214_39", "to": "1389298214_40" }
    },
    {
      "type": "Feature",
      "geometry": {
        "type": "LineString",
        "coordinates": [
          [-83.374593, 33.938789],
          [-83.374595, 33.938799]
        ]
      },
      "properties": { "from": "1389298214_40", "to": "1389298214_41" }
    },
    {
      "type": "Feature",
      "geometry": {
        "type": "LineString",
        "coordinates": [
          [-83.374595, 33.938799],
          [-83.3746, 33.938808]
        ]
      },
      "properties": { "from": "1389298214_41", "to": "1389298214_42" }
    },
    {
      "type": "Feature",
      "geometry": {
        "type": "LineString",
        "coordinates": [
          [-83.3746, 33.938808],
          [-83.374607, 33.938818]
        ]
      },
      "properties": { "from": "1389298214_42", "to": "1389298214_43" }
    },
    {
      "type": "Feature",
      "geometry": {
        "type": "LineString",
        "coordinates": [
          [-83.374607, 33.938818],
          [-83.374612, 33.938822]
        ]
      },
      "properties": { "from": "1389298214_43", "to": "1389298214_44" }
    },
    {
      "type": "Feature",
      "geometry": {
        "type": "LineString",
        "coordinates": [
          [-83.374611, 33.938898],
          [-83.374606, 33.938908]
        ]
      },
      "properties": { "from": "1389298214_45", "to": "1389298214_46" }
    },
    {
      "type": "Feature",
      "geometry": {
        "type": "LineString",
        "coordinates": [
          [-83.374606, 33.938908],
          [-83.374603, 33.938918]
        ]
      },
      "properties": { "from": "1389298214_46", "to": "1389298214_47" }
    },
    {
      "type": "Feature",
      "geometry": {
        "type": "LineString",
        "coordinates": [
          [-83.374603, 33.938918],
          [-83.374603, 33.938919]
        ]
      },
      "properties": { "from": "1389298214_47", "to": "1389298214_48" }
    },
    {
      "type": "Feature",
      "geometry": {
        "type": "LineString",
        "coordinates": [
          [-83.374603, 33.938919],
          [-83.374601, 33.938928]
        ]
      },
      "properties": { "from": "1389298214_48", "to": "1389298214_49" }
    },
    {
      "type": "Feature",
      "geometry": {
        "type": "LineString",
        "coordinates": [
          [-83.374601, 33.938928],
          [-83.3746, 33.938938]
        ]
      },
      "properties": { "from": "1389298214_49", "to": "1389298214_50" }
    },
    {
      "type": "Feature",
      "geometry": {
        "type": "LineString",
        "coordinates": [
          [-83.3746, 33.938938],
          [-83.3746, 33.938943]
        ]
      },
      "properties": { "from": "1389298214_50", "to": "1389298214_51" }
    },
    {
      "type": "Feature",
      "geometry": {
        "type": "LineString",
        "coordinates": [
          [-83.3746, 33.938943],
          [-83.374595, 33.938948]
        ]
      },
      "properties": { "from": "1389298214_51", "to": "1389298214_52" }
    },
    {
      "type": "Feature",
      "geometry": {
        "type": "LineString",
        "coordinates": [
          [-83.3746, 33.938943],
          [-83.374605, 33.938948]
        ]
      },
      "properties": { "from": "1389298214_51", "to": "1389298214_53" }
    },
    {
      "type": "Feature",
      "geometry": {
        "type": "LineString",
        "coordinates": [
          [-83.374595, 33.938948],
          [-83.374593, 33.938949]
        ]
      },
      "properties": { "from": "1389298214_52", "to": "1389298214_54" }
    },
    {
      "type": "Feature",
      "geometry": {
        "type": "LineString",
        "coordinates": [
          [-83.374605, 33.938948],
          [-83.374605, 33.938949]
        ]
      },
      "properties": { "from": "1389298214_53", "to": "1389298214_55" }
    },
    {
      "type": "Feature",
      "geometry": {
        "type": "LineString",
        "coordinates": [
          [-83.374605, 33.938949],
          [-83.374613, 33.938959]
        ]
      },
      "properties": { "from": "1389298214_55", "to": "1389298214_56" }
    },
    {
      "type": "Feature",
      "geometry": {
        "type": "LineString",
        "coordinates": [
          [-83.375666, 33.93878],
          [-83.375666, 33.938782]
        ]
      },
      "properties": { "from": "1388045586_0", "to": "1388045586_1" }
    },
    {
      "type": "Feature",
      "geometry": {
        "type": "LineString",
        "coordinates": [
          [-83.375666, 33.938782],
          [-83.375656, 33.938791]
        ]
      },
      "properties": { "from": "1388045586_1", "to": "1388045586_2" }
    },
    {
      "type": "Feature",
      "geometry": {
        "type": "LineString",
        "coordinates": [
          [-83.375656, 33.938791],
          [-83.375655, 33.938792]
        ]
      },
      "properties": { "from": "1388045586_2", "to": "1388045586_3" }
    },
    {
      "type": "Feature",
      "geometry": {
        "type": "LineString",
        "coordinates": [
          [-83.375655, 33.938792],
          [-83.375646, 33.938802]
        ]
      },
      "properties": { "from": "1388045586_3", "to": "1388045586_4" }
    },
    {
      "type": "Feature",
      "geometry": {
        "type": "LineString",
        "coordinates": [
          [-83.375646, 33.938802],
          [-83.375645, 33.938803]
        ]
      },
      "properties": { "from": "1388045586_4", "to": "1388045586_5" }
    },
    {
      "type": "Feature",
      "geometry": {
        "type": "LineString",
        "coordinates": [
          [-83.375645, 33.938803],
          [-83.375636, 33.938813]
        ]
      },
      "properties": { "from": "1388045586_5", "to": "1388045586_6" }
    },
    {
      "type": "Feature",
      "geometry": {
        "type": "LineString",
        "coordinates": [
          [-83.375636, 33.938813],
          [-83.375635, 33.938814]
        ]
      },
      "properties": { "from": "1388045586_6", "to": "1388045586_7" }
    },
    {
      "type": "Feature",
      "geometry": {
        "type": "LineString",
        "coordinates": [
          [-83.375635, 33.938814],
          [-83.375628, 33.93882]
        ]
      },
      "properties": { "from": "1388045586_7", "to": "1388045586_20" }
    },
    {
      "type": "Feature",
      "geometry": {
        "type": "LineString",
        "coordinates": [
          [-83.375638, 33.938829],
          [-83.375633, 33.938824]
        ]
      },
      "properties": { "from": "1388045586_8", "to": "1388045586_9" }
    },
    {
      "type": "Feature",
      "geometry": {
        "type": "LineString",
        "coordinates": [
          [-83.375638, 33.938829],
          [-83.375643, 33.938833]
        ]
      },
      "properties": { "from": "1388045586_8", "to": "1388045586_10" }
    },
    {
      "type": "Feature",
      "geometry": {
        "type": "LineString",
        "coordinates": [
          [-83.375633, 33.938824],
          [-83.375628, 33.93882]
        ]
      },
      "properties": { "from": "1388045586_9", "to": "1388045586_20" }
    },
    {
      "type": "Feature",
      "geometry": {
        "type": "LineString",
        "coordinates": [
          [-83.375643, 33.938833],
          [-83.375648, 33.938839]
        ]
      },
      "properties": { "from": "1388045586_10", "to": "1388045586_11" }
    },
    {
      "type": "Feature",
      "geometry": {
        "type": "LineString",
        "coordinates": [
          [-83.375648, 33.938839],
          [-83.375653, 33.938843]
        ]
      },
      "properties": { "from": "1388045586_11", "to": "1388045586_12" }
    },
    {
      "type": "Feature",
      "geometry": {
        "type": "LineString",
        "coordinates": [
          [-83.375653, 33.938843],
          [-83.375658, 33.938848]
        ]
      },
      "properties": { "from": "1388045586_12", "to": "1388045586_13" }
    },
    {
      "type": "Feature",
      "geometry": {
        "type": "LineString",
        "coordinates": [
          [-83.375658, 33.938848],
          [-83.375664, 33.938852]
        ]
      },
      "properties": { "from": "1388045586_13", "to": "1388045586_14" }
    },
    {
      "type": "Feature",
      "geometry": {
        "type": "LineString",
        "coordinates": [
          [-83.375664, 33.938852],
          [-83.375669, 33.938858]
        ]
      },
      "properties": { "from": "1388045586_14", "to": "1388045586_15" }
    },
    {
      "type": "Feature",
      "geometry": {
        "type": "LineString",
        "coordinates": [
          [-83.375669, 33.938858],
          [-83.375675, 33.938862]
        ]
      },
      "properties": { "from": "1388045586_15", "to": "1388045586_16" }
    },
    {
      "type": "Feature",
      "geometry": {
        "type": "LineString",
        "coordinates": [
          [-83.375605, 33.938813],
          [-83.375602, 33.93881]
        ]
      },
      "properties": { "from": "1388045586_17", "to": "1388045586_18" }
    },
    {
      "type": "Feature",
      "geometry": {
        "type": "LineString",
        "coordinates": [
          [-83.375605, 33.938813],
          [-83.375612, 33.938819]
        ]
      },
      "properties": { "from": "1388045586_17", "to": "1388045586_19" }
    },
    {
      "type": "Feature",
      "geometry": {
        "type": "LineString",
        "coordinates": [
          [-83.375602, 33.93881],
          [-83.375596, 33.938803]
        ]
      },
      "properties": { "from": "1388045586_18", "to": "1388045586_32" }
    },
    {
      "type": "Feature",
      "geometry": {
        "type": "LineString",
        "coordinates": [
          [-83.375612, 33.938819],
          [-83.375614, 33.938822]
        ]
      },
      "properties": { "from": "1388045586_19", "to": "1388045586_22" }
    },
    {
      "type": "Feature",
      "geometry": {
        "type": "LineString",
        "coordinates": [
          [-83.375628, 33.93882],
          [-83.375625, 33.93882]
        ]
      },
      "properties": { "from": "1388045586_20", "to": "1388045586_21" }
    },
    {
      "type": "Feature",
      "geometry": {
        "type": "LineString",
        "coordinates": [
          [-83.375625, 33.93882],
          [-83.375615, 33.938821]
        ]
      },
      "properties": { "from": "1388045586_21", "to": "1388045586_23" }
    },
    {
      "type": "Feature",
      "geometry": {
        "type": "LineString",
        "coordinates": [
          [-83.375614, 33.938822],
          [-83.375615, 33.938821]
        ]
      },
      "properties": { "from": "1388045586_22", "to": "1388045586_23" }
    },
    {
      "type": "Feature",
      "geometry": {
        "type": "LineString",
        "coordinates": [
          [-83.375614, 33.938822],
          [-83.37561, 33.938829]
        ]
      },
      "properties": { "from": "1388045586_22", "to": "1388045586_24" }
    },
    {
      "type": "Feature",
      "geometry": {
        "type": "LineString",
        "coordinates": [
          [-83.37561, 33.938829],
          [-83.375605, 33.93884]
        ]
      },
      "properties": { "from": "1388045586_24", "to": "1388045586_25" }
    },
    {
      "type": "Feature",
      "geometry": {
        "type": "LineString",
        "coordinates": [
          [-83.375605, 33.93884],
          [-83.375602, 33.93885]
        ]
      },
      "properties": { "from": "1388045586_25", "to": "1388045586_37" }
    },
    {
      "type": "Feature",
      "geometry": {
        "type": "LineString",
        "coordinates": [
          [-83.375567, 33.938775],
          [-83.375571, 33.938782]
        ]
      },
      "properties": { "from": "1388045586_26", "to": "1388045586_27" }
    },
    {
      "type": "Feature",
      "geometry": {
        "type": "LineString",
        "coordinates": [
          [-83.375571, 33.938782],
          [-83.375577, 33.938786]
        ]
      },
      "properties": { "from": "1388045586_27", "to": "1388045586_28" }
    },
    {
      "type": "Feature",
      "geometry": {
        "type": "LineString",
        "coordinates": [
          [-83.375577, 33.938786],
          [-83.375582, 33.938791]
        ]
      },
      "properties": { "from": "1388045586_28", "to": "1388045586_29" }
    },
    {
      "type": "Feature",
      "geometry": {
        "type": "LineString",
        "coordinates": [
          [-83.375582, 33.938791],
          [-83.375586, 33.938794]
        ]
      },
      "properties": { "from": "1388045586_29", "to": "1388045586_30" }
    },
    {
      "type": "Feature",
      "geometry": {
        "type": "LineString",
        "coordinates": [
          [-83.375586, 33.938794],
          [-83.375592, 33.9388]
        ]
      },
      "properties": { "from": "1388045586_30", "to": "1388045586_31" }
    },
    {
      "type": "Feature",
      "geometry": {
        "type": "LineString",
        "coordinates": [
          [-83.375592, 33.9388],
          [-83.375596, 33.938803]
        ]
      },
      "properties": { "from": "1388045586_31", "to": "1388045586_32" }
    },
    {
      "type": "Feature",
      "geometry": {
        "type": "LineString",
        "coordinates": [
          [-83.375599, 33.93886],
          [-83.375598, 33.93887]
        ]
      },
      "properties": { "from": "1388045586_33", "to": "1388045586_34" }
    },
    {
      "type": "Feature",
      "geometry": {
        "type": "LineString",
        "coordinates": [
          [-83.375599, 33.93886],
          [-83.3756, 33.938857]
        ]
      },
      "properties": { "from": "1388045586_33", "to": "1388045586_38" }
    },
    {
      "type": "Feature",
      "geometry": {
        "type": "LineString",
        "coordinates": [
          [-83.375598, 33.93887],
          [-83.375598, 33.93888]
        ]
      },
      "properties": { "from": "1388045586_34", "to": "1388045586_35" }
    },
    {
      "type": "Feature",
      "geometry": {
        "type": "LineString",
        "coordinates": [
          [-83.375598, 33.93888],
          [-83.375599, 33.938883]
        ]
      },
      "properties": { "from": "1388045586_35", "to": "1388045586_36" }
    },
    {
      "type": "Feature",
      "geometry": {
        "type": "LineString",
        "coordinates": [
          [-83.375599, 33.938883],
          [-83.375599, 33.93889]
        ]
      },
      "properties": { "from": "1388045586_36", "to": "1388045586_39" }
    },
    {
      "type": "Feature",
      "geometry": {
        "type": "LineString",
        "coordinates": [
          [-83.375602, 33.93885],
          [-83.3756, 33.938857]
        ]
      },
      "properties": { "from": "1388045586_37", "to": "1388045586_38" }
    },
    {
      "type": "Feature",
      "geometry": {
        "type": "LineString",
        "coordinates": [
          [-83.375599, 33.93889],
          [-83.3756, 33.938893]
        ]
      },
      "properties": { "from": "1388045586_39", "to": "1388045586_40" }
    },
    {
      "type": "Feature",
      "geometry": {
        "type": "LineString",
        "coordinates": [
          [-83.3756, 33.938893],
          [-83.3756, 33.9389]
        ]
      },
      "properties": { "from": "1388045586_40", "to": "1388045586_41" }
    },
    {
      "type": "Feature",
      "geometry": {
        "type": "LineString",
        "coordinates": [
          [-83.3756, 33.9389],
          [-83.3756, 33.938903]
        ]
      },
      "properties": { "from": "1388045586_41", "to": "1388045586_42" }
    },
    {
      "type": "Feature",
      "geometry": {
        "type": "LineString",
        "coordinates": [
          [-83.3756, 33.938903],
          [-83.3756, 33.93891]
        ]
      },
      "properties": { "from": "1388045586_42", "to": "1388045586_43" }
    },
    {
      "type": "Feature",
      "geometry": {
        "type": "LineString",
        "coordinates": [
          [-83.3756, 33.93891],
          [-83.375601, 33.938912]
        ]
      },
      "properties": { "from": "1388045586_43", "to": "1388045586_44" }
    },
    {
      "type": "Feature",
      "geometry": {
        "type": "LineString",
        "coordinates": [
          [-83.375601, 33.938912],
          [-83.375601, 33.938914]
        ]
      },
      "properties": { "from": "1388045586_44", "to": "1388045586_45" }
    },
    {
      "type": "Feature",
      "geometry": {
        "type": "LineString",
        "coordinates": [
          [-83.375601, 33.938914],
          [-83.375601, 33.938915]
        ]
      },
      "properties": { "from": "1388045586_45", "to": "1388045586_46" }
    },
    {
      "type": "Feature",
      "geometry": {
        "type": "LineString",
        "coordinates": [
          [-83.375601, 33.938914],
          [-83.375594, 33.93892]
        ]
      },
      "properties": { "from": "1388045586_45", "to": "1388045586_53" }
    },
    {
      "type": "Feature",
      "geometry": {
        "type": "LineString",
        "coordinates": [
          [-83.375601, 33.938915],
          [-83.375609, 33.938922]
        ]
      },
      "properties": { "from": "1388045586_46", "to": "1388045586_47" }
    },
    {
      "type": "Feature",
      "geometry": {
        "type": "LineString",
        "coordinates": [
          [-83.375609, 33.938922],
          [-83.37561, 33.938924]
        ]
      },
      "properties": { "from": "1388045586_47", "to": "1388045586_48" }
    },
    {
      "type": "Feature",
      "geometry": {
        "type": "LineString",
        "coordinates": [
          [-83.37561, 33.938924],
          [-83.375619, 33.938932]
        ]
      },
      "properties": { "from": "1388045586_48", "to": "1388045586_49" }
    },
    {
      "type": "Feature",
      "geometry": {
        "type": "LineString",
        "coordinates": [
          [-83.375619, 33.938932],
          [-83.37562, 33.938934]
        ]
      },
      "properties": { "from": "1388045586_49", "to": "1388045586_50" }
    },
    {
      "type": "Feature",
      "geometry": {
        "type": "LineString",
        "coordinates": [
          [-83.37562, 33.938934],
          [-83.375628, 33.938941]
        ]
      },
      "properties": { "from": "1388045586_50", "to": "1388045586_51" }
    },
    {
      "type": "Feature",
      "geometry": {
        "type": "LineString",
        "coordinates": [
          [-83.375628, 33.938941],
          [-83.375629, 33.938947]
        ]
      },
      "properties": { "from": "1388045586_51", "to": "1388045586_52" }
    },
    {
      "type": "Feature",
      "geometry": {
        "type": "LineString",
        "coordinates": [
          [-83.375594, 33.93892],
          [-83.37559, 33.938925]
        ]
      },
      "properties": { "from": "1388045586_53", "to": "1388045586_54" }
    },
    {
      "type": "Feature",
      "geometry": {
        "type": "LineString",
        "coordinates": [
          [-83.37559, 33.938925],
          [-83.375583, 33.938931]
        ]
      },
      "properties": { "from": "1388045586_54", "to": "1388045586_55" }
    },
    {
      "type": "Feature",
      "geometry": {
        "type": "LineString",
        "coordinates": [
          [-83.375583, 33.938931],
          [-83.37558, 33.938937]
        ]
      },
      "properties": { "from": "1388045586_55", "to": "1388045586_56" }
    },
    {
      "type": "Feature",
      "geometry": {
        "type": "LineString",
        "coordinates": [
          [-83.375252, 33.938719],
          [-83.375247, 33.938727]
        ]
      },
      "properties": { "from": "1388045588_0", "to": "1388045588_1" }
    },
    {
      "type": "Feature",
      "geometry": {
        "type": "LineString",
        "coordinates": [
          [-83.375247, 33.938727],
          [-83.375243, 33.93873]
        ]
      },
      "properties": { "from": "1388045588_1", "to": "1388045588_2" }
    },
    {
      "type": "Feature",
      "geometry": {
        "type": "LineString",
        "coordinates": [
          [-83.375243, 33.93873],
          [-83.375238, 33.938737]
        ]
      },
      "properties": { "from": "1388045588_2", "to": "1388045588_3" }
    },
    {
      "type": "Feature",
      "geometry": {
        "type": "LineString",
        "coordinates": [
          [-83.375238, 33.938737],
          [-83.375233, 33.938731]
        ]
      },
      "properties": { "from": "1388045588_3", "to": "1388045588_11" }
    },
    {
      "type": "Feature",
      "geometry": {
        "type": "LineString",
        "coordinates": [
          [-83.375238, 33.938737],
          [-83.375238, 33.938738]
        ]
      },
      "properties": { "from": "1388045588_3", "to": "1388045588_13" }
    },
    {
      "type": "Feature",
      "geometry": {
        "type": "LineString",
        "coordinates": [
          [-83.375242, 33.938808],
          [-83.375243, 33.938818]
        ]
      },
      "properties": { "from": "1388045588_4", "to": "1388045588_5" }
    },
    {
      "type": "Feature",
      "geometry": {
        "type": "LineString",
        "coordinates": [
          [-83.375242, 33.938808],
          [-83.375239, 33.938798]
        ]
      },
      "properties": { "from": "1388045588_4", "to": "1388045588_24" }
    },
    {
      "type": "Feature",
      "geometry": {
        "type": "LineString",
        "coordinates": [
          [-83.375243, 33.938818],
          [-83.375242, 33.938825]
        ]
      },
      "properties": { "from": "1388045588_5", "to": "1388045588_6" }
    },
    {
      "type": "Feature",
      "geometry": {
        "type": "LineString",
        "coordinates": [
          [-83.375242, 33.938825],
          [-83.375242, 33.938828]
        ]
      },
      "properties": { "from": "1388045588_6", "to": "1388045588_7" }
    },
    {
      "type": "Feature",
      "geometry": {
        "type": "LineString",
        "coordinates": [
          [-83.375242, 33.938828],
          [-83.375241, 33.938834]
        ]
      },
      "properties": { "from": "1388045588_7", "to": "1388045588_8" }
    },
    {
      "type": "Feature",
      "geometry": {
        "type": "LineString",
        "coordinates": [
          [-83.375241, 33.938834],
          [-83.375241, 33.938838]
        ]
      },
      "properties": { "from": "1388045588_8", "to": "1388045588_9" }
    },
    {
      "type": "Feature",
      "geometry": {
        "type": "LineString",
        "coordinates": [
          [-83.375241, 33.938838],
          [-83.375241, 33.938842]
        ]
      },
      "properties": { "from": "1388045588_9", "to": "1388045588_10" }
    },
    {
      "type": "Feature",
      "geometry": {
        "type": "LineString",
        "coordinates": [
          [-83.375241, 33.938842],
          [-83.375241, 33.938848]
        ]
      },
      "properties": { "from": "1388045588_10", "to": "1388045588_31" }
    },
    {
      "type": "Feature",
      "geometry": {
        "type": "LineString",
        "coordinates": [
          [-83.375233, 33.938731],
          [-83.375225, 33.938725]
        ]
      },
      "properties": { "from": "1388045588_11", "to": "1388045588_12" }
    },
    {
      "type": "Feature",
      "geometry": {
        "type": "LineString",
        "coordinates": [
          [-83.375238, 33.938738],
          [-83.375237, 33.938747]
        ]
      },
      "properties": { "from": "1388045588_13", "to": "1388045588_14" }
    },
    {
      "type": "Feature",
      "geometry": {
        "type": "LineString",
        "coordinates": [
          [-83.375237, 33.938747],
          [-83.375237, 33.938748]
        ]
      },
      "properties": { "from": "1388045588_14", "to": "1388045588_15" }
    },
    {
      "type": "Feature",
      "geometry": {
        "type": "LineString",
        "coordinates": [
          [-83.375237, 33.938748],
          [-83.375237, 33.938758]
        ]
      },
      "properties": { "from": "1388045588_15", "to": "1388045588_16" }
    },
    {
      "type": "Feature",
      "geometry": {
        "type": "LineString",
        "coordinates": [
          [-83.375237, 33.938758],
          [-83.375234, 33.938768]
        ]
      },
      "properties": { "from": "1388045588_16", "to": "1388045588_17" }
    },
    {
      "type": "Feature",
      "geometry": {
        "type": "LineString",
        "coordinates": [
          [-83.375234, 33.938768],
          [-83.375229, 33.938779]
        ]
      },
      "properties": { "from": "1388045588_17", "to": "1388045588_18" }
    },
    {
      "type": "Feature",
      "geometry": {
        "type": "LineString",
        "coordinates": [
          [-83.375229, 33.938779],
          [-83.375228, 33.93878]
        ]
      },
      "properties": { "from": "1388045588_18", "to": "1388045588_19" }
    },
    {
      "type": "Feature",
      "geometry": {
        "type": "LineString",
        "coordinates": [
          [-83.375228, 33.93878],
          [-83.375218, 33.93878]
        ]
      },
      "properties": { "from": "1388045588_19", "to": "1388045588_20" }
    },
    {
      "type": "Feature",
      "geometry": {
        "type": "LineString",
        "coordinates": [
          [-83.375228, 33.93878],
          [-83.375233, 33.938788]
        ]
      },
      "properties": { "from": "1388045588_19", "to": "1388045588_22" }
    },
    {
      "type": "Feature",
      "geometry": {
        "type": "LineString",
        "coordinates": [
          [-83.375218, 33.93878],
          [-83.375211, 33.938781]
        ]
      },
      "properties": { "from": "1388045588_20", "to": "1388045588_21" }
    },
    {
      "type": "Feature",
      "geometry": {
        "type": "LineString",
        "coordinates": [
          [-83.375211, 33.938781],
          [-83.375206, 33.938777]
        ]
      },
      "properties": { "from": "1388045588_21", "to": "1388045588_52" }
    },
    {
      "type": "Feature",
      "geometry": {
        "type": "LineString",
        "coordinates": [
          [-83.375211, 33.938781],
          [-83.375211, 33.938782]
        ]
      },
      "properties": { "from": "1388045588_21", "to": "1388045588_53" }
    },
    {
      "type": "Feature",
      "geometry": {
        "type": "LineString",
        "coordinates": [
          [-83.375233, 33.938788],
          [-83.375234, 33.938789]
        ]
      },
      "properties": { "from": "1388045588_22", "to": "1388045588_23" }
    },
    {
      "type": "Feature",
      "geometry": {
        "type": "LineString",
        "coordinates": [
          [-83.375234, 33.938789],
          [-83.375239, 33.938798]
        ]
      },
      "properties": { "from": "1388045588_23", "to": "1388045588_24" }
    },
    {
      "type": "Feature",
      "geometry": {
        "type": "LineString",
        "coordinates": [
          [-83.37524, 33.938875],
          [-83.37524, 33.938878]
        ]
      },
      "properties": { "from": "1388045588_25", "to": "1388045588_26" }
    },
    {
      "type": "Feature",
      "geometry": {
        "type": "LineString",
        "coordinates": [
          [-83.37524, 33.938875],
          [-83.375241, 33.938868]
        ]
      },
      "properties": { "from": "1388045588_25", "to": "1388045588_35" }
    },
    {
      "type": "Feature",
      "geometry": {
        "type": "LineString",
        "coordinates": [
          [-83.37524, 33.938878],
          [-83.375239, 33.938888]
        ]
      },
      "properties": { "from": "1388045588_26", "to": "1388045588_27" }
    },
    {
      "type": "Feature",
      "geometry": {
        "type": "LineString",
        "coordinates": [
          [-83.375239, 33.938888],
          [-83.375238, 33.938892]
        ]
      },
      "properties": { "from": "1388045588_27", "to": "1388045588_28" }
    },
    {
      "type": "Feature",
      "geometry": {
        "type": "LineString",
        "coordinates": [
          [-83.375238, 33.938892],
          [-83.375219, 33.938896]
        ]
      },
      "properties": { "from": "1388045588_28", "to": "1388045588_29" }
    },
    {
      "type": "Feature",
      "geometry": {
        "type": "LineString",
        "coordinates": [
          [-83.375238, 33.938892],
          [-83.375242, 33.938898]
        ]
      },
      "properties": { "from": "1388045588_28", "to": "1388045588_30" }
    },
    {
      "type": "Feature",
      "geometry": {
        "type": "LineString",
        "coordinates": [
          [-83.375219, 33.938896],
          [-83.375212, 33.938896]
        ]
      },
      "properties": { "from": "1388045588_29", "to": "1388045588_40" }
    },
    {
      "type": "Feature",
      "geometry": {
        "type": "LineString",
        "coordinates": [
          [-83.375242, 33.938898],
          [-83.375245, 33.938908]
        ]
      },
      "properties": { "from": "1388045588_30", "to": "1388045588_36" }
    },
    {
      "type": "Feature",
      "geometry": {
        "type": "LineString",
        "coordinates": [
          [-83.375241, 33.938848],
          [-83.375241, 33.938852]
        ]
      },
      "properties": { "from": "1388045588_31", "to": "1388045588_32" }
    },
    {
      "type": "Feature",
      "geometry": {
        "type": "LineString",
        "coordinates": [
          [-83.375241, 33.938852],
          [-83.375241, 33.938858]
        ]
      },
      "properties": { "from": "1388045588_32", "to": "1388045588_33" }
    },
    {
      "type": "Feature",
      "geometry": {
        "type": "LineString",
        "coordinates": [
          [-83.375241, 33.938858],
          [-83.375241, 33.938862]
        ]
      },
      "properties": { "from": "1388045588_33", "to": "1388045588_34" }
    },
    {
      "type": "Feature",
      "geometry": {
        "type": "LineString",
        "coordinates": [
          [-83.375241, 33.938862],
          [-83.375241, 33.938868]
        ]
      },
      "properties": { "from": "1388045588_34", "to": "1388045588_35" }
    },
    {
      "type": "Feature",
      "geometry": {
        "type": "LineString",
        "coordinates": [
          [-83.375245, 33.938908],
          [-83.375246, 33.938915]
        ]
      },
      "properties": { "from": "1388045588_36", "to": "1388045588_37" }
    },
    {
      "type": "Feature",
      "geometry": {
        "type": "LineString",
        "coordinates": [
          [-83.375246, 33.938915],
          [-83.375247, 33.938918]
        ]
      },
      "properties": { "from": "1388045588_37", "to": "1388045588_38" }
    },
    {
      "type": "Feature",
      "geometry": {
        "type": "LineString",
        "coordinates": [
          [-83.375247, 33.938918],
          [-83.375248, 33.938924]
        ]
      },
      "properties": { "from": "1388045588_38", "to": "1388045588_39" }
    },
    {
      "type": "Feature",
      "geometry": {
        "type": "LineString",
        "coordinates": [
          [-83.375248, 33.938924],
          [-83.375252, 33.938927]
        ]
      },
      "properties": { "from": "1388045588_39", "to": "1388045588_43" }
    },
    {
      "type": "Feature",
      "geometry": {
        "type": "LineString",
        "coordinates": [
          [-83.375248, 33.938924],
          [-83.375245, 33.938928]
        ]
      },
      "properties": { "from": "1388045588_39", "to": "1388045588_42" }
    },
    {
      "type": "Feature",
      "geometry": {
        "type": "LineString",
        "coordinates": [
          [-83.375212, 33.938896],
          [-83.375209, 33.938897]
        ]
      },
      "properties": { "from": "1388045588_40", "to": "1388045588_59" }
    },
    {
      "type": "Feature",
      "geometry": {
        "type": "LineString",
        "coordinates": [
          [-83.375235, 33.938941],
          [-83.375245, 33.938928]
        ]
      },
      "properties": { "from": "1388045588_41", "to": "1388045588_42" }
    },
    {
      "type": "Feature",
      "geometry": {
        "type": "LineString",
        "coordinates": [
          [-83.375252, 33.938927],
          [-83.375255, 33.938932]
        ]
      },
      "properties": { "from": "1388045588_43", "to": "1388045588_44" }
    },
    {
      "type": "Feature",
      "geometry": {
        "type": "LineString",
        "coordinates": [
          [-83.375255, 33.938932],
          [-83.375262, 33.938937]
        ]
      },
      "properties": { "from": "1388045588_44", "to": "1388045588_45" }
    },
    {
      "type": "Feature",
      "geometry": {
        "type": "LineString",
        "coordinates": [
          [-83.375262, 33.938937],
          [-83.375265, 33.938942]
        ]
      },
      "properties": { "from": "1388045588_45", "to": "1388045588_46" }
    },
    {
      "type": "Feature",
      "geometry": {
        "type": "LineString",
        "coordinates": [
          [-83.37519, 33.938804],
          [-83.375194, 33.938797]
        ]
      },
      "properties": { "from": "1388045588_47", "to": "1388045588_48" }
    },
    {
      "type": "Feature",
      "geometry": {
        "type": "LineString",
        "coordinates": [
          [-83.375194, 33.938797],
          [-83.3752, 33.938792]
        ]
      },
      "properties": { "from": "1388045588_48", "to": "1388045588_55" }
    },
    {
      "type": "Feature",
      "geometry": {
        "type": "LineString",
        "coordinates": [
          [-83.375192, 33.938767],
          [-83.375193, 33.938768]
        ]
      },
      "properties": { "from": "1388045588_49", "to": "1388045588_50" }
    },
    {
      "type": "Feature",
      "geometry": {
        "type": "LineString",
        "coordinates": [
          [-83.375193, 33.938768],
          [-83.375205, 33.938777]
        ]
      },
      "properties": { "from": "1388045588_50", "to": "1388045588_51" }
    },
    {
      "type": "Feature",
      "geometry": {
        "type": "LineString",
        "coordinates": [
          [-83.375205, 33.938777],
          [-83.375206, 33.938777]
        ]
      },
      "properties": { "from": "1388045588_51", "to": "1388045588_52" }
    },
    {
      "type": "Feature",
      "geometry": {
        "type": "LineString",
        "coordinates": [
          [-83.375211, 33.938782],
          [-83.375205, 33.938787]
        ]
      },
      "properties": { "from": "1388045588_53", "to": "1388045588_54" }
    },
    {
      "type": "Feature",
      "geometry": {
        "type": "LineString",
        "coordinates": [
          [-83.375205, 33.938787],
          [-83.3752, 33.938792]
        ]
      },
      "properties": { "from": "1388045588_54", "to": "1388045588_55" }
    },
    {
      "type": "Feature",
      "geometry": {
        "type": "LineString",
        "coordinates": [
          [-83.375191, 33.938887],
          [-83.375201, 33.938894]
        ]
      },
      "properties": { "from": "1388045588_56", "to": "1388045588_57" }
    },
    {
      "type": "Feature",
      "geometry": {
        "type": "LineString",
        "coordinates": [
          [-83.375201, 33.938894],
          [-83.375204, 33.938897]
        ]
      },
      "properties": { "from": "1388045588_57", "to": "1388045588_58" }
    },
    {
      "type": "Feature",
      "geometry": {
        "type": "LineString",
        "coordinates": [
          [-83.375204, 33.938897],
          [-83.375209, 33.938897]
        ]
      },
      "properties": { "from": "1388045588_58", "to": "1388045588_59" }
    },
    {
      "type": "Feature",
      "geometry": {
        "type": "LineString",
        "coordinates": [
          [-83.375204, 33.938897],
          [-83.375198, 33.938903]
        ]
      },
      "properties": { "from": "1388045588_58", "to": "1388045588_60" }
    },
    {
      "type": "Feature",
      "geometry": {
        "type": "LineString",
        "coordinates": [
          [-83.375198, 33.938903],
          [-83.375192, 33.938907]
        ]
      },
      "properties": { "from": "1388045588_60", "to": "1388045588_61" }
    },
    {
      "type": "Feature",
      "geometry": {
        "type": "LineString",
        "coordinates": [
          [-83.375614, 33.938703],
          [-83.375605, 33.938709]
        ]
      },
      "properties": { "from": "1388045589_0", "to": "1388045589_1" }
    },
    {
      "type": "Feature",
      "geometry": {
        "type": "LineString",
        "coordinates": [
          [-83.375605, 33.938709],
          [-83.375602, 33.938713]
        ]
      },
      "properties": { "from": "1388045589_1", "to": "1388045589_5" }
    },
    {
      "type": "Feature",
      "geometry": {
        "type": "LineString",
        "coordinates": [
          [-83.375595, 33.93871],
          [-83.375588, 33.938703]
        ]
      },
      "properties": { "from": "1388045589_2", "to": "1388045589_3" }
    },
    {
      "type": "Feature",
      "geometry": {
        "type": "LineString",
        "coordinates": [
          [-83.375595, 33.93871],
          [-83.375597, 33.938713]
        ]
      },
      "properties": { "from": "1388045589_2", "to": "1388045589_4" }
    },
    {
      "type": "Feature",
      "geometry": {
        "type": "LineString",
        "coordinates": [
          [-83.375588, 33.938703],
          [-83.375586, 33.938699]
        ]
      },
      "properties": { "from": "1388045589_3", "to": "1388045589_6" }
    },
    {
      "type": "Feature",
      "geometry": {
        "type": "LineString",
        "coordinates": [
          [-83.375597, 33.938713],
          [-83.3756, 33.938715]
        ]
      },
      "properties": { "from": "1388045589_4", "to": "1388045589_16" }
    },
    {
      "type": "Feature",
      "geometry": {
        "type": "LineString",
        "coordinates": [
          [-83.375602, 33.938713],
          [-83.3756, 33.938715]
        ]
      },
      "properties": { "from": "1388045589_5", "to": "1388045589_16" }
    },
    {
      "type": "Feature",
      "geometry": {
        "type": "LineString",
        "coordinates": [
          [-83.375599, 33.938727],
          [-83.375577, 33.938726]
        ]
      },
      "properties": { "from": "1388045589_7", "to": "1388045589_8" }
    },
    {
      "type": "Feature",
      "geometry": {
        "type": "LineString",
        "coordinates": [
          [-83.375599, 33.938727],
          [-83.3756, 33.938724]
        ]
      },
      "properties": { "from": "1388045589_7", "to": "1388045589_17" }
    },
    {
      "type": "Feature",
      "geometry": {
        "type": "LineString",
        "coordinates": [
          [-83.375599, 33.938727],
          [-83.3756, 33.938734]
        ]
      },
      "properties": { "from": "1388045589_7", "to": "1388045589_18" }
    },
    {
      "type": "Feature",
      "geometry": {
        "type": "LineString",
        "coordinates": [
          [-83.375577, 33.938726],
          [-83.375573, 33.938728]
        ]
      },
      "properties": { "from": "1388045589_8", "to": "1388045589_9" }
    },
    {
      "type": "Feature",
      "geometry": {
        "type": "LineString",
        "coordinates": [
          [-83.375573, 33.938728],
          [-83.375566, 33.938727]
        ]
      },
      "properties": { "from": "1388045589_9", "to": "1388045589_10" }
    },
    {
      "type": "Feature",
      "geometry": {
        "type": "LineString",
        "coordinates": [
          [-83.375566, 33.938727],
          [-83.375563, 33.938729]
        ]
      },
      "properties": { "from": "1388045589_10", "to": "1388045589_11" }
    },
    {
      "type": "Feature",
      "geometry": {
        "type": "LineString",
        "coordinates": [
          [-83.375563, 33.938729],
          [-83.375556, 33.938727]
        ]
      },
      "properties": { "from": "1388045589_11", "to": "1388045589_12" }
    },
    {
      "type": "Feature",
      "geometry": {
        "type": "LineString",
        "coordinates": [
          [-83.375556, 33.938727],
          [-83.375553, 33.938729]
        ]
      },
      "properties": { "from": "1388045589_12", "to": "1388045589_13" }
    },
    {
      "type": "Feature",
      "geometry": {
        "type": "LineString",
        "coordinates": [
          [-83.375553, 33.938729],
          [-83.375546, 33.938728]
        ]
      },
      "properties": { "from": "1388045589_13", "to": "1388045589_14" }
    },
    {
      "type": "Feature",
      "geometry": {
        "type": "LineString",
        "coordinates": [
          [-83.375546, 33.938728],
          [-83.375543, 33.938729]
        ]
      },
      "properties": { "from": "1388045589_14", "to": "1388045589_15" }
    },
    {
      "type": "Feature",
      "geometry": {
        "type": "LineString",
        "coordinates": [
          [-83.375543, 33.938729],
          [-83.375536, 33.938728]
        ]
      },
      "properties": { "from": "1388045589_15", "to": "1388045589_40" }
    },
    {
      "type": "Feature",
      "geometry": {
        "type": "LineString",
        "coordinates": [
          [-83.3756, 33.938715],
          [-83.3756, 33.938724]
        ]
      },
      "properties": { "from": "1388045589_16", "to": "1388045589_17" }
    },
    {
      "type": "Feature",
      "geometry": {
        "type": "LineString",
        "coordinates": [
          [-83.3756, 33.938734],
          [-83.3756, 33.938735]
        ]
      },
      "properties": { "from": "1388045589_18", "to": "1388045589_19" }
    },
    {
      "type": "Feature",
      "geometry": {
        "type": "LineString",
        "coordinates": [
          [-83.3756, 33.938735],
          [-83.375602, 33.938744]
        ]
      },
      "properties": { "from": "1388045589_19", "to": "1388045589_20" }
    },
    {
      "type": "Feature",
      "geometry": {
        "type": "LineString",
        "coordinates": [
          [-83.375602, 33.938744],
          [-83.375601, 33.938747]
        ]
      },
      "properties": { "from": "1388045589_20", "to": "1388045589_21" }
    },
    {
      "type": "Feature",
      "geometry": {
        "type": "LineString",
        "coordinates": [
          [-83.375601, 33.938747],
          [-83.375601, 33.938748]
        ]
      },
      "properties": { "from": "1388045589_21", "to": "1388045589_22" }
    },
    {
      "type": "Feature",
      "geometry": {
        "type": "LineString",
        "coordinates": [
          [-83.375601, 33.938748],
          [-83.3756, 33.938749]
        ]
      },
      "properties": { "from": "1388045589_22", "to": "1388045589_23" }
    },
    {
      "type": "Feature",
      "geometry": {
        "type": "LineString",
        "coordinates": [
          [-83.375601, 33.938748],
          [-83.375608, 33.938753]
        ]
      },
      "properties": { "from": "1388045589_22", "to": "1388045589_24" }
    },
    {
      "type": "Feature",
      "geometry": {
        "type": "LineString",
        "coordinates": [
          [-83.3756, 33.938749],
          [-83.375592, 33.938757]
        ]
      },
      "properties": { "from": "1388045589_23", "to": "1388045589_25" }
    },
    {
      "type": "Feature",
      "geometry": {
        "type": "LineString",
        "coordinates": [
          [-83.375608, 33.938753],
          [-83.37561, 33.938757]
        ]
      },
      "properties": { "from": "1388045589_24", "to": "1388045589_26" }
    },
    {
      "type": "Feature",
      "geometry": {
        "type": "LineString",
        "coordinates": [
          [-83.375592, 33.938757],
          [-83.37559, 33.938761]
        ]
      },
      "properties": { "from": "1388045589_25", "to": "1388045589_29" }
    },
    {
      "type": "Feature",
      "geometry": {
        "type": "LineString",
        "coordinates": [
          [-83.37561, 33.938757],
          [-83.375618, 33.938763]
        ]
      },
      "properties": { "from": "1388045589_26", "to": "1388045589_27" }
    },
    {
      "type": "Feature",
      "geometry": {
        "type": "LineString",
        "coordinates": [
          [-83.375618, 33.938763],
          [-83.37562, 33.938769]
        ]
      },
      "properties": { "from": "1388045589_27", "to": "1388045589_28" }
    },
    {
      "type": "Feature",
      "geometry": {
        "type": "LineString",
        "coordinates": [
          [-83.375483, 33.938732],
          [-83.375486, 33.93873]
        ]
      },
      "properties": { "from": "1388045589_30", "to": "1388045589_31" }
    },
    {
      "type": "Feature",
      "geometry": {
        "type": "LineString",
        "coordinates": [
          [-83.375483, 33.938732],
          [-83.375476, 33.93873]
        ]
      },
      "properties": { "from": "1388045589_30", "to": "1388045589_32" }
    },
    {
      "type": "Feature",
      "geometry": {
        "type": "LineString",
        "coordinates": [
          [-83.375486, 33.93873],
          [-83.375493, 33.938731]
        ]
      },
      "properties": { "from": "1388045589_31", "to": "1388045589_49" }
    },
    {
      "type": "Feature",
      "geometry": {
        "type": "LineString",
        "coordinates": [
          [-83.375476, 33.93873],
          [-83.375473, 33.938732]
        ]
      },
      "properties": { "from": "1388045589_32", "to": "1388045589_33" }
    },
    {
      "type": "Feature",
      "geometry": {
        "type": "LineString",
        "coordinates": [
          [-83.375473, 33.938732],
          [-83.375466, 33.938731]
        ]
      },
      "properties": { "from": "1388045589_33", "to": "1388045589_34" }
    },
    {
      "type": "Feature",
      "geometry": {
        "type": "LineString",
        "coordinates": [
          [-83.375466, 33.938731],
          [-83.375463, 33.938732]
        ]
      },
      "properties": { "from": "1388045589_34", "to": "1388045589_35" }
    },
    {
      "type": "Feature",
      "geometry": {
        "type": "LineString",
        "coordinates": [
          [-83.375463, 33.938732],
          [-83.375456, 33.938731]
        ]
      },
      "properties": { "from": "1388045589_35", "to": "1388045589_36" }
    },
    {
      "type": "Feature",
      "geometry": {
        "type": "LineString",
        "coordinates": [
          [-83.375456, 33.938731],
          [-83.375453, 33.938733]
        ]
      },
      "properties": { "from": "1388045589_36", "to": "1388045589_39" }
    },
    {
      "type": "Feature",
      "geometry": {
        "type": "LineString",
        "coordinates": [
          [-83.375435, 33.938732],
          [-83.375436, 33.938732]
        ]
      },
      "properties": { "from": "1388045589_37", "to": "1388045589_38" }
    },
    {
      "type": "Feature",
      "geometry": {
        "type": "LineString",
        "coordinates": [
          [-83.375435, 33.938732],
          [-83.375433, 33.938735]
        ]
      },
      "properties": { "from": "1388045589_37", "to": "1388045589_52" }
    },
    {
      "type": "Feature",
      "geometry": {
        "type": "LineString",
        "coordinates": [
          [-83.375436, 33.938732],
          [-83.375443, 33.938733]
        ]
      },
      "properties": { "from": "1388045589_38", "to": "1388045589_51" }
    },
    {
      "type": "Feature",
      "geometry": {
        "type": "LineString",
        "coordinates": [
          [-83.375453, 33.938733],
          [-83.375446, 33.938731]
        ]
      },
      "properties": { "from": "1388045589_39", "to": "1388045589_50" }
    },
    {
      "type": "Feature",
      "geometry": {
        "type": "LineString",
        "coordinates": [
          [-83.375536, 33.938728],
          [-83.375533, 33.93873]
        ]
      },
      "properties": { "from": "1388045589_40", "to": "1388045589_41" }
    },
    {
      "type": "Feature",
      "geometry": {
        "type": "LineString",
        "coordinates": [
          [-83.375533, 33.93873],
          [-83.375526, 33.938728]
        ]
      },
      "properties": { "from": "1388045589_41", "to": "1388045589_42" }
    },
    {
      "type": "Feature",
      "geometry": {
        "type": "LineString",
        "coordinates": [
          [-83.375526, 33.938728],
          [-83.375523, 33.93873]
        ]
      },
      "properties": { "from": "1388045589_42", "to": "1388045589_43" }
    },
    {
      "type": "Feature",
      "geometry": {
        "type": "LineString",
        "coordinates": [
          [-83.375523, 33.93873],
          [-83.375516, 33.938729]
        ]
      },
      "properties": { "from": "1388045589_43", "to": "1388045589_44" }
    },
    {
      "type": "Feature",
      "geometry": {
        "type": "LineString",
        "coordinates": [
          [-83.375516, 33.938729],
          [-83.375513, 33.93873]
        ]
      },
      "properties": { "from": "1388045589_44", "to": "1388045589_45" }
    },
    {
      "type": "Feature",
      "geometry": {
        "type": "LineString",
        "coordinates": [
          [-83.375513, 33.93873],
          [-83.375506, 33.938729]
        ]
      },
      "properties": { "from": "1388045589_45", "to": "1388045589_46" }
    },
    {
      "type": "Feature",
      "geometry": {
        "type": "LineString",
        "coordinates": [
          [-83.375506, 33.938729],
          [-83.375503, 33.938731]
        ]
      },
      "properties": { "from": "1388045589_46", "to": "1388045589_47" }
    },
    {
      "type": "Feature",
      "geometry": {
        "type": "LineString",
        "coordinates": [
          [-83.375503, 33.938731],
          [-83.375496, 33.93873]
        ]
      },
      "properties": { "from": "1388045589_47", "to": "1388045589_48" }
    },
    {
      "type": "Feature",
      "geometry": {
        "type": "LineString",
        "coordinates": [
          [-83.375496, 33.93873],
          [-83.375493, 33.938731]
        ]
      },
      "properties": { "from": "1388045589_48", "to": "1388045589_49" }
    },
    {
      "type": "Feature",
      "geometry": {
        "type": "LineString",
        "coordinates": [
          [-83.375446, 33.938731],
          [-83.375443, 33.938733]
        ]
      },
      "properties": { "from": "1388045589_50", "to": "1388045589_51" }
    },
    {
      "type": "Feature",
      "geometry": {
        "type": "LineString",
        "coordinates": [
          [-83.375566, 33.93863],
          [-83.375566, 33.938631]
        ]
      },
      "properties": { "from": "1387879286_0", "to": "1387879286_1" }
    },
    {
      "type": "Feature",
      "geometry": {
        "type": "LineString",
        "coordinates": [
          [-83.375566, 33.938631],
          [-83.375574, 33.938638]
        ]
      },
      "properties": { "from": "1387879286_1", "to": "1387879286_2" }
    },
    {
      "type": "Feature",
      "geometry": {
        "type": "LineString",
        "coordinates": [
          [-83.375574, 33.938638],
          [-83.375577, 33.938637]
        ]
      },
      "properties": { "from": "1387879286_2", "to": "1387879286_3" }
    },
    {
      "type": "Feature",
      "geometry": {
        "type": "LineString",
        "coordinates": [
          [-83.375574, 33.938638],
          [-83.375571, 33.93864]
        ]
      },
      "properties": { "from": "1387879286_2", "to": "1387879286_4" }
    },
    {
      "type": "Feature",
      "geometry": {
        "type": "LineString",
        "coordinates": [
          [-83.375577, 33.938637],
          [-83.375579, 33.938636]
        ]
      },
      "properties": { "from": "1387879286_3", "to": "1387879286_8" }
    },
    {
      "type": "Feature",
      "geometry": {
        "type": "LineString",
        "coordinates": [
          [-83.375577, 33.938637],
          [-83.375584, 33.938644]
        ]
      },
      "properties": { "from": "1387879286_3", "to": "1387879286_9" }
    },
    {
      "type": "Feature",
      "geometry": {
        "type": "LineString",
        "coordinates": [
          [-83.375571, 33.93864],
          [-83.375564, 33.938649]
        ]
      },
      "properties": { "from": "1387879286_4", "to": "1387879286_5" }
    },
    {
      "type": "Feature",
      "geometry": {
        "type": "LineString",
        "coordinates": [
          [-83.375592, 33.938625],
          [-83.375586, 33.938627]
        ]
      },
      "properties": { "from": "1387879286_6", "to": "1387879286_7" }
    },
    {
      "type": "Feature",
      "geometry": {
        "type": "LineString",
        "coordinates": [
          [-83.375586, 33.938627],
          [-83.375579, 33.938636]
        ]
      },
      "properties": { "from": "1387879286_7", "to": "1387879286_8" }
    },
    {
      "type": "Feature",
      "geometry": {
        "type": "LineString",
        "coordinates": [
          [-83.375584, 33.938644],
          [-83.375587, 33.938645]
        ]
      },
      "properties": { "from": "1387879286_9", "to": "1387879286_10" }
    },
    {
      "type": "Feature",
      "geometry": {
        "type": "LineString",
        "coordinates": [
          [-83.374163, 33.938703],
          [-83.374164, 33.938702]
        ]
      },
      "properties": { "from": "1387879319_0", "to": "1387879319_1" }
    },
    {
      "type": "Feature",
      "geometry": {
        "type": "LineString",
        "coordinates": [
          [-83.374164, 33.938702],
          [-83.37417, 33.938704]
        ]
      },
      "properties": { "from": "1387879319_1", "to": "1387879319_2" }
    },
    {
      "type": "Feature",
      "geometry": {
        "type": "LineString",
        "coordinates": [
          [-83.37417, 33.938704],
          [-83.374174, 33.938702]
        ]
      },
      "properties": { "from": "1387879319_2", "to": "1387879319_8" }
    },
    {
      "type": "Feature",
      "geometry": {
        "type": "LineString",
        "coordinates": [
          [-83.37419, 33.938703],
          [-83.374184, 33.938701]
        ]
      },
      "properties": { "from": "1387879319_3", "to": "1387879319_4" }
    },
    {
      "type": "Feature",
      "geometry": {
        "type": "LineString",
        "coordinates": [
          [-83.37419, 33.938703],
          [-83.374192, 33.938702]
        ]
      },
      "properties": { "from": "1387879319_3", "to": "1387879319_7" }
    },
    {
      "type": "Feature",
      "geometry": {
        "type": "LineString",
        "coordinates": [
          [-83.374184, 33.938701],
          [-83.37418, 33.938704]
        ]
      },
      "properties": { "from": "1387879319_4", "to": "1387879319_5" }
    },
    {
      "type": "Feature",
      "geometry": {
        "type": "LineString",
        "coordinates": [
          [-83.37418, 33.938704],
          [-83.374174, 33.938702]
        ]
      },
      "properties": { "from": "1387879319_5", "to": "1387879319_8" }
    },
    {
      "type": "Feature",
      "geometry": {
        "type": "LineString",
        "coordinates": [
          [-83.374196, 33.938703],
          [-83.374192, 33.938702]
        ]
      },
      "properties": { "from": "1387879319_6", "to": "1387879319_7" }
    },
    {
      "type": "Feature",
      "geometry": {
        "type": "LineString",
        "coordinates": [
          [-83.375238, 33.938554],
          [-83.375237, 33.938555]
        ]
      },
      "properties": { "from": "1388045592_0", "to": "1388045592_1" }
    },
    {
      "type": "Feature",
      "geometry": {
        "type": "LineString",
        "coordinates": [
          [-83.375237, 33.938555],
          [-83.375229, 33.938563]
        ]
      },
      "properties": { "from": "1388045592_1", "to": "1388045592_2" }
    },
    {
      "type": "Feature",
      "geometry": {
        "type": "LineString",
        "coordinates": [
          [-83.375229, 33.938563],
          [-83.375227, 33.938561]
        ]
      },
      "properties": { "from": "1388045592_2", "to": "1388045592_12" }
    },
    {
      "type": "Feature",
      "geometry": {
        "type": "LineString",
        "coordinates": [
          [-83.375229, 33.938563],
          [-83.375229, 33.938565]
        ]
      },
      "properties": { "from": "1388045592_2", "to": "1388045592_13" }
    },
    {
      "type": "Feature",
      "geometry": {
        "type": "LineString",
        "coordinates": [
          [-83.375234, 33.938635],
          [-83.375233, 33.938636]
        ]
      },
      "properties": { "from": "1388045592_3", "to": "1388045592_4" }
    },
    {
      "type": "Feature",
      "geometry": {
        "type": "LineString",
        "coordinates": [
          [-83.375234, 33.938635],
          [-83.375233, 33.938626]
        ]
      },
      "properties": { "from": "1388045592_3", "to": "1388045592_26" }
    },
    {
      "type": "Feature",
      "geometry": {
        "type": "LineString",
        "coordinates": [
          [-83.375233, 33.938636],
          [-83.375234, 33.938645]
        ]
      },
      "properties": { "from": "1388045592_4", "to": "1388045592_5" }
    },
    {
      "type": "Feature",
      "geometry": {
        "type": "LineString",
        "coordinates": [
          [-83.375234, 33.938645],
          [-83.375234, 33.938646]
        ]
      },
      "properties": { "from": "1388045592_5", "to": "1388045592_6" }
    },
    {
      "type": "Feature",
      "geometry": {
        "type": "LineString",
        "coordinates": [
          [-83.375234, 33.938646],
          [-83.375235, 33.938655]
        ]
      },
      "properties": { "from": "1388045592_6", "to": "1388045592_7" }
    },
    {
      "type": "Feature",
      "geometry": {
        "type": "LineString",
        "coordinates": [
          [-83.375235, 33.938655],
          [-83.375234, 33.938656]
        ]
      },
      "properties": { "from": "1388045592_7", "to": "1388045592_8" }
    },
    {
      "type": "Feature",
      "geometry": {
        "type": "LineString",
        "coordinates": [
          [-83.375234, 33.938656],
          [-83.375235, 33.938661]
        ]
      },
      "properties": { "from": "1388045592_8", "to": "1388045592_9" }
    },
    {
      "type": "Feature",
      "geometry": {
        "type": "LineString",
        "coordinates": [
          [-83.375235, 33.938661],
          [-83.37523, 33.938665]
        ]
      },
      "properties": { "from": "1388045592_9", "to": "1388045592_27" }
    },
    {
      "type": "Feature",
      "geometry": {
        "type": "LineString",
        "coordinates": [
          [-83.375235, 33.938661],
          [-83.375239, 33.938664]
        ]
      },
      "properties": { "from": "1388045592_9", "to": "1388045592_31" }
    },
    {
      "type": "Feature",
      "geometry": {
        "type": "LineString",
        "coordinates": [
          [-83.375217, 33.938551],
          [-83.375221, 33.938557]
        ]
      },
      "properties": { "from": "1388045592_10", "to": "1388045592_11" }
    },
    {
      "type": "Feature",
      "geometry": {
        "type": "LineString",
        "coordinates": [
          [-83.375221, 33.938557],
          [-83.375227, 33.938561]
        ]
      },
      "properties": { "from": "1388045592_11", "to": "1388045592_12" }
    },
    {
      "type": "Feature",
      "geometry": {
        "type": "LineString",
        "coordinates": [
          [-83.375229, 33.938565],
          [-83.375229, 33.938566]
        ]
      },
      "properties": { "from": "1388045592_13", "to": "1388045592_14" }
    },
    {
      "type": "Feature",
      "geometry": {
        "type": "LineString",
        "coordinates": [
          [-83.375229, 33.938566],
          [-83.37523, 33.938575]
        ]
      },
      "properties": { "from": "1388045592_14", "to": "1388045592_15" }
    },
    {
      "type": "Feature",
      "geometry": {
        "type": "LineString",
        "coordinates": [
          [-83.37523, 33.938575],
          [-83.37523, 33.938576]
        ]
      },
      "properties": { "from": "1388045592_15", "to": "1388045592_16" }
    },
    {
      "type": "Feature",
      "geometry": {
        "type": "LineString",
        "coordinates": [
          [-83.37523, 33.938576],
          [-83.375231, 33.938585]
        ]
      },
      "properties": { "from": "1388045592_16", "to": "1388045592_17" }
    },
    {
      "type": "Feature",
      "geometry": {
        "type": "LineString",
        "coordinates": [
          [-83.375231, 33.938585],
          [-83.37523, 33.938586]
        ]
      },
      "properties": { "from": "1388045592_17", "to": "1388045592_18" }
    },
    {
      "type": "Feature",
      "geometry": {
        "type": "LineString",
        "coordinates": [
          [-83.37523, 33.938586],
          [-83.375231, 33.938595]
        ]
      },
      "properties": { "from": "1388045592_18", "to": "1388045592_19" }
    },
    {
      "type": "Feature",
      "geometry": {
        "type": "LineString",
        "coordinates": [
          [-83.375231, 33.938595],
          [-83.375231, 33.938596]
        ]
      },
      "properties": { "from": "1388045592_19", "to": "1388045592_20" }
    },
    {
      "type": "Feature",
      "geometry": {
        "type": "LineString",
        "coordinates": [
          [-83.375231, 33.938596],
          [-83.375232, 33.938605]
        ]
      },
      "properties": { "from": "1388045592_20", "to": "1388045592_21" }
    },
    {
      "type": "Feature",
      "geometry": {
        "type": "LineString",
        "coordinates": [
          [-83.375232, 33.938605],
          [-83.375231, 33.938606]
        ]
      },
      "properties": { "from": "1388045592_21", "to": "1388045592_22" }
    },
    {
      "type": "Feature",
      "geometry": {
        "type": "LineString",
        "coordinates": [
          [-83.375231, 33.938606],
          [-83.375232, 33.938615]
        ]
      },
      "properties": { "from": "1388045592_22", "to": "1388045592_23" }
    },
    {
      "type": "Feature",
      "geometry": {
        "type": "LineString",
        "coordinates": [
          [-83.375232, 33.938615],
          [-83.375232, 33.938616]
        ]
      },
      "properties": { "from": "1388045592_23", "to": "1388045592_24" }
    },
    {
      "type": "Feature",
      "geometry": {
        "type": "LineString",
        "coordinates": [
          [-83.375232, 33.938616],
          [-83.375233, 33.938625]
        ]
      },
      "properties": { "from": "1388045592_24", "to": "1388045592_25" }
    },
    {
      "type": "Feature",
      "geometry": {
        "type": "LineString",
        "coordinates": [
          [-83.375233, 33.938625],
          [-83.375233, 33.938626]
        ]
      },
      "properties": { "from": "1388045592_25", "to": "1388045592_26" }
    },
    {
      "type": "Feature",
      "geometry": {
        "type": "LineString",
        "coordinates": [
          [-83.37523, 33.938665],
          [-83.37522, 33.938671]
        ]
      },
      "properties": { "from": "1388045592_27", "to": "1388045592_28" }
    },
    {
      "type": "Feature",
      "geometry": {
        "type": "LineString",
        "coordinates": [
          [-83.37522, 33.938671],
          [-83.375216, 33.938671]
        ]
      },
      "properties": { "from": "1388045592_28", "to": "1388045592_30" }
    },
    {
      "type": "Feature",
      "geometry": {
        "type": "LineString",
        "coordinates": [
          [-83.375214, 33.93867],
          [-83.375216, 33.938671]
        ]
      },
      "properties": { "from": "1388045592_29", "to": "1388045592_30" }
    },
    {
      "type": "Feature",
      "geometry": {
        "type": "LineString",
        "coordinates": [
          [-83.375239, 33.938664],
          [-83.37524, 33.938666]
        ]
      },
      "properties": { "from": "1388045592_31", "to": "1388045592_32" }
    },
    {
      "type": "Feature",
      "geometry": {
        "type": "LineString",
        "coordinates": [
          [-83.37524, 33.938666],
          [-83.375249, 33.938674]
        ]
      },
      "properties": { "from": "1388045592_32", "to": "1388045592_33" }
    },
    {
      "type": "Feature",
      "geometry": {
        "type": "LineString",
        "coordinates": [
          [-83.375249, 33.938674],
          [-83.37525, 33.93868]
        ]
      },
      "properties": { "from": "1388045592_33", "to": "1388045592_34" }
    },
    {
      "type": "Feature",
      "geometry": {
        "type": "LineString",
        "coordinates": [
          [-83.375387, 33.938544],
          [-83.375391, 33.938551]
        ]
      },
      "properties": { "from": "1388045593_0", "to": "1388045593_1" }
    },
    {
      "type": "Feature",
      "geometry": {
        "type": "LineString",
        "coordinates": [
          [-83.375391, 33.938551],
          [-83.375394, 33.938553]
        ]
      },
      "properties": { "from": "1388045593_1", "to": "1388045593_2" }
    },
    {
      "type": "Feature",
      "geometry": {
        "type": "LineString",
        "coordinates": [
          [-83.375394, 33.938553],
          [-83.375397, 33.938552]
        ]
      },
      "properties": { "from": "1388045593_2", "to": "1388045593_17" }
    },
    {
      "type": "Feature",
      "geometry": {
        "type": "LineString",
        "coordinates": [
          [-83.375394, 33.938553],
          [-83.375393, 33.938556]
        ]
      },
      "properties": { "from": "1388045593_2", "to": "1388045593_3" }
    },
    {
      "type": "Feature",
      "geometry": {
        "type": "LineString",
        "coordinates": [
          [-83.375393, 33.938556],
          [-83.37539, 33.938561]
        ]
      },
      "properties": { "from": "1388045593_3", "to": "1388045593_4" }
    },
    {
      "type": "Feature",
      "geometry": {
        "type": "LineString",
        "coordinates": [
          [-83.37539, 33.938561],
          [-83.375388, 33.938571]
        ]
      },
      "properties": { "from": "1388045593_4", "to": "1388045593_5" }
    },
    {
      "type": "Feature",
      "geometry": {
        "type": "LineString",
        "coordinates": [
          [-83.375388, 33.938571],
          [-83.37539, 33.938574]
        ]
      },
      "properties": { "from": "1388045593_5", "to": "1388045593_6" }
    },
    {
      "type": "Feature",
      "geometry": {
        "type": "LineString",
        "coordinates": [
          [-83.37539, 33.938574],
          [-83.375389, 33.938581]
        ]
      },
      "properties": { "from": "1388045593_6", "to": "1388045593_7" }
    },
    {
      "type": "Feature",
      "geometry": {
        "type": "LineString",
        "coordinates": [
          [-83.375389, 33.938581],
          [-83.375391, 33.938584]
        ]
      },
      "properties": { "from": "1388045593_7", "to": "1388045593_8" }
    },
    {
      "type": "Feature",
      "geometry": {
        "type": "LineString",
        "coordinates": [
          [-83.375391, 33.938584],
          [-83.37539, 33.938591]
        ]
      },
      "properties": { "from": "1388045593_8", "to": "1388045593_9" }
    },
    {
      "type": "Feature",
      "geometry": {
        "type": "LineString",
        "coordinates": [
          [-83.37539, 33.938591],
          [-83.375391, 33.938594]
        ]
      },
      "properties": { "from": "1388045593_9", "to": "1388045593_18" }
    },
    {
      "type": "Feature",
      "geometry": {
        "type": "LineString",
        "coordinates": [
          [-83.375437, 33.93855],
          [-83.375428, 33.938551]
        ]
      },
      "properties": { "from": "1388045593_10", "to": "1388045593_11" }
    },
    {
      "type": "Feature",
      "geometry": {
        "type": "LineString",
        "coordinates": [
          [-83.375437, 33.93855],
          [-83.375438, 33.93855]
        ]
      },
      "properties": { "from": "1388045593_10", "to": "1388045593_56" }
    },
    {
      "type": "Feature",
      "geometry": {
        "type": "LineString",
        "coordinates": [
          [-83.375428, 33.938551],
          [-83.375427, 33.93855]
        ]
      },
      "properties": { "from": "1388045593_11", "to": "1388045593_12" }
    },
    {
      "type": "Feature",
      "geometry": {
        "type": "LineString",
        "coordinates": [
          [-83.375427, 33.93855],
          [-83.375418, 33.938551]
        ]
      },
      "properties": { "from": "1388045593_12", "to": "1388045593_13" }
    },
    {
      "type": "Feature",
      "geometry": {
        "type": "LineString",
        "coordinates": [
          [-83.375418, 33.938551],
          [-83.375417, 33.938551]
        ]
      },
      "properties": { "from": "1388045593_13", "to": "1388045593_14" }
    },
    {
      "type": "Feature",
      "geometry": {
        "type": "LineString",
        "coordinates": [
          [-83.375417, 33.938551],
          [-83.375408, 33.938551]
        ]
      },
      "properties": { "from": "1388045593_14", "to": "1388045593_15" }
    },
    {
      "type": "Feature",
      "geometry": {
        "type": "LineString",
        "coordinates": [
          [-83.375408, 33.938551],
          [-83.375407, 33.938551]
        ]
      },
      "properties": { "from": "1388045593_15", "to": "1388045593_16" }
    },
    {
      "type": "Feature",
      "geometry": {
        "type": "LineString",
        "coordinates": [
          [-83.375407, 33.938551],
          [-83.375397, 33.938552]
        ]
      },
      "properties": { "from": "1388045593_16", "to": "1388045593_17" }
    },
    {
      "type": "Feature",
      "geometry": {
        "type": "LineString",
        "coordinates": [
          [-83.375391, 33.938594],
          [-83.37539, 33.938601]
        ]
      },
      "properties": { "from": "1388045593_18", "to": "1388045593_19" }
    },
    {
      "type": "Feature",
      "geometry": {
        "type": "LineString",
        "coordinates": [
          [-83.37539, 33.938601],
          [-83.375392, 33.938604]
        ]
      },
      "properties": { "from": "1388045593_19", "to": "1388045593_20" }
    },
    {
      "type": "Feature",
      "geometry": {
        "type": "LineString",
        "coordinates": [
          [-83.375392, 33.938604],
          [-83.375391, 33.938611]
        ]
      },
      "properties": { "from": "1388045593_20", "to": "1388045593_21" }
    },
    {
      "type": "Feature",
      "geometry": {
        "type": "LineString",
        "coordinates": [
          [-83.375391, 33.938611],
          [-83.375392, 33.938614]
        ]
      },
      "properties": { "from": "1388045593_21", "to": "1388045593_22" }
    },
    {
      "type": "Feature",
      "geometry": {
        "type": "LineString",
        "coordinates": [
          [-83.375392, 33.938614],
          [-83.375391, 33.938621]
        ]
      },
      "properties": { "from": "1388045593_22", "to": "1388045593_23" }
    },
    {
      "type": "Feature",
      "geometry": {
        "type": "LineString",
        "coordinates": [
          [-83.375391, 33.938621],
          [-83.375393, 33.938624]
        ]
      },
      "properties": { "from": "1388045593_23", "to": "1388045593_24" }
    },
    {
      "type": "Feature",
      "geometry": {
        "type": "LineString",
        "coordinates": [
          [-83.375393, 33.938624],
          [-83.375392, 33.938631]
        ]
      },
      "properties": { "from": "1388045593_24", "to": "1388045593_25" }
    },
    {
      "type": "Feature",
      "geometry": {
        "type": "LineString",
        "coordinates": [
          [-83.375392, 33.938631],
          [-83.375393, 33.938634]
        ]
      },
      "properties": { "from": "1388045593_25", "to": "1388045593_26" }
    },
    {
      "type": "Feature",
      "geometry": {
        "type": "LineString",
        "coordinates": [
          [-83.375393, 33.938634],
          [-83.375392, 33.938641]
        ]
      },
      "properties": { "from": "1388045593_26", "to": "1388045593_27" }
    },
    {
      "type": "Feature",
      "geometry": {
        "type": "LineString",
        "coordinates": [
          [-83.375392, 33.938641],
          [-83.375394, 33.938644]
        ]
      },
      "properties": { "from": "1388045593_27", "to": "1388045593_29" }
    },
    {
      "type": "Feature",
      "geometry": {
        "type": "LineString",
        "coordinates": [
          [-83.375393, 33.938651],
          [-83.375394, 33.938644]
        ]
      },
      "properties": { "from": "1388045593_28", "to": "1388045593_29" }
    },
    {
      "type": "Feature",
      "geometry": {
        "type": "LineString",
        "coordinates": [
          [-83.375393, 33.938651],
          [-83.375394, 33.938654]
        ]
      },
      "properties": { "from": "1388045593_28", "to": "1388045593_30" }
    },
    {
      "type": "Feature",
      "geometry": {
        "type": "LineString",
        "coordinates": [
          [-83.375394, 33.938654],
          [-83.375394, 33.938661]
        ]
      },
      "properties": { "from": "1388045593_30", "to": "1388045593_31" }
    },
    {
      "type": "Feature",
      "geometry": {
        "type": "LineString",
        "coordinates": [
          [-83.375394, 33.938661],
          [-83.375395, 33.938664]
        ]
      },
      "properties": { "from": "1388045593_31", "to": "1388045593_32" }
    },
    {
      "type": "Feature",
      "geometry": {
        "type": "LineString",
        "coordinates": [
          [-83.375395, 33.938664],
          [-83.375395, 33.938667]
        ]
      },
      "properties": { "from": "1388045593_32", "to": "1388045593_33" }
    },
    {
      "type": "Feature",
      "geometry": {
        "type": "LineString",
        "coordinates": [
          [-83.375395, 33.938667],
          [-83.375393, 33.938669]
        ]
      },
      "properties": { "from": "1388045593_33", "to": "1388045593_34" }
    },
    {
      "type": "Feature",
      "geometry": {
        "type": "LineString",
        "coordinates": [
          [-83.375496, 33.938539],
          [-83.375489, 33.938549]
        ]
      },
      "properties": { "from": "1388045593_35", "to": "1388045593_36" }
    },
    {
      "type": "Feature",
      "geometry": {
        "type": "LineString",
        "coordinates": [
          [-83.375489, 33.938549],
          [-83.375487, 33.938548]
        ]
      },
      "properties": { "from": "1388045593_36", "to": "1388045593_37" }
    },
    {
      "type": "Feature",
      "geometry": {
        "type": "LineString",
        "coordinates": [
          [-83.375489, 33.938549],
          [-83.375492, 33.938555]
        ]
      },
      "properties": { "from": "1388045593_36", "to": "1388045593_41" }
    },
    {
      "type": "Feature",
      "geometry": {
        "type": "LineString",
        "coordinates": [
          [-83.375487, 33.938548],
          [-83.375478, 33.938549]
        ]
      },
      "properties": { "from": "1388045593_37", "to": "1388045593_38" }
    },
    {
      "type": "Feature",
      "geometry": {
        "type": "LineString",
        "coordinates": [
          [-83.375478, 33.938549],
          [-83.375477, 33.938548]
        ]
      },
      "properties": { "from": "1388045593_38", "to": "1388045593_39" }
    },
    {
      "type": "Feature",
      "geometry": {
        "type": "LineString",
        "coordinates": [
          [-83.375477, 33.938548],
          [-83.375468, 33.938549]
        ]
      },
      "properties": { "from": "1388045593_39", "to": "1388045593_40" }
    },
    {
      "type": "Feature",
      "geometry": {
        "type": "LineString",
        "coordinates": [
          [-83.375468, 33.938549],
          [-83.375467, 33.938549]
        ]
      },
      "properties": { "from": "1388045593_40", "to": "1388045593_51" }
    },
    {
      "type": "Feature",
      "geometry": {
        "type": "LineString",
        "coordinates": [
          [-83.375492, 33.938555],
          [-83.375495, 33.938559]
        ]
      },
      "properties": { "from": "1388045593_41", "to": "1388045593_42" }
    },
    {
      "type": "Feature",
      "geometry": {
        "type": "LineString",
        "coordinates": [
          [-83.375495, 33.938559],
          [-83.375497, 33.938569]
        ]
      },
      "properties": { "from": "1388045593_42", "to": "1388045593_45" }
    },
    {
      "type": "Feature",
      "geometry": {
        "type": "LineString",
        "coordinates": [
          [-83.375499, 33.938621],
          [-83.3755, 33.938618]
        ]
      },
      "properties": { "from": "1388045593_43", "to": "1388045593_44" }
    },
    {
      "type": "Feature",
      "geometry": {
        "type": "LineString",
        "coordinates": [
          [-83.375499, 33.938621],
          [-83.375501, 33.938628]
        ]
      },
      "properties": { "from": "1388045593_43", "to": "1388045593_61" }
    },
    {
      "type": "Feature",
      "geometry": {
        "type": "LineString",
        "coordinates": [
          [-83.3755, 33.938618],
          [-83.375499, 33.938611]
        ]
      },
      "properties": { "from": "1388045593_44", "to": "1388045593_60" }
    },
    {
      "type": "Feature",
      "geometry": {
        "type": "LineString",
        "coordinates": [
          [-83.375497, 33.938569],
          [-83.375496, 33.938571]
        ]
      },
      "properties": { "from": "1388045593_45", "to": "1388045593_46" }
    },
    {
      "type": "Feature",
      "geometry": {
        "type": "LineString",
        "coordinates": [
          [-83.375496, 33.938571],
          [-83.375498, 33.938579]
        ]
      },
      "properties": { "from": "1388045593_46", "to": "1388045593_47" }
    },
    {
      "type": "Feature",
      "geometry": {
        "type": "LineString",
        "coordinates": [
          [-83.375498, 33.938579],
          [-83.375497, 33.938581]
        ]
      },
      "properties": { "from": "1388045593_47", "to": "1388045593_48" }
    },
    {
      "type": "Feature",
      "geometry": {
        "type": "LineString",
        "coordinates": [
          [-83.375497, 33.938581],
          [-83.375499, 33.938589]
        ]
      },
      "properties": { "from": "1388045593_48", "to": "1388045593_49" }
    },
    {
      "type": "Feature",
      "geometry": {
        "type": "LineString",
        "coordinates": [
          [-83.375499, 33.938589],
          [-83.375498, 33.938591]
        ]
      },
      "properties": { "from": "1388045593_49", "to": "1388045593_50" }
    },
    {
      "type": "Feature",
      "geometry": {
        "type": "LineString",
        "coordinates": [
          [-83.375498, 33.938591],
          [-83.375499, 33.938599]
        ]
      },
      "properties": { "from": "1388045593_50", "to": "1388045593_57" }
    },
    {
      "type": "Feature",
      "geometry": {
        "type": "LineString",
        "coordinates": [
          [-83.375467, 33.938549],
          [-83.375458, 33.938549]
        ]
      },
      "properties": { "from": "1388045593_51", "to": "1388045593_52" }
    },
    {
      "type": "Feature",
      "geometry": {
        "type": "LineString",
        "coordinates": [
          [-83.375458, 33.938549],
          [-83.375457, 33.938549]
        ]
      },
      "properties": { "from": "1388045593_52", "to": "1388045593_53" }
    },
    {
      "type": "Feature",
      "geometry": {
        "type": "LineString",
        "coordinates": [
          [-83.375457, 33.938549],
          [-83.375448, 33.93855]
        ]
      },
      "properties": { "from": "1388045593_53", "to": "1388045593_54" }
    },
    {
      "type": "Feature",
      "geometry": {
        "type": "LineString",
        "coordinates": [
          [-83.375448, 33.93855],
          [-83.375447, 33.938549]
        ]
      },
      "properties": { "from": "1388045593_54", "to": "1388045593_55" }
    },
    {
      "type": "Feature",
      "geometry": {
        "type": "LineString",
        "coordinates": [
          [-83.375447, 33.938549],
          [-83.375438, 33.93855]
        ]
      },
      "properties": { "from": "1388045593_55", "to": "1388045593_56" }
    },
    {
      "type": "Feature",
      "geometry": {
        "type": "LineString",
        "coordinates": [
          [-83.375499, 33.938599],
          [-83.375498, 33.938601]
        ]
      },
      "properties": { "from": "1388045593_57", "to": "1388045593_58" }
    },
    {
      "type": "Feature",
      "geometry": {
        "type": "LineString",
        "coordinates": [
          [-83.375498, 33.938601],
          [-83.3755, 33.938609]
        ]
      },
      "properties": { "from": "1388045593_58", "to": "1388045593_59" }
    },
    {
      "type": "Feature",
      "geometry": {
        "type": "LineString",
        "coordinates": [
          [-83.3755, 33.938609],
          [-83.375499, 33.938611]
        ]
      },
      "properties": { "from": "1388045593_59", "to": "1388045593_60" }
    },
    {
      "type": "Feature",
      "geometry": {
        "type": "LineString",
        "coordinates": [
          [-83.375501, 33.938628],
          [-83.375499, 33.938631]
        ]
      },
      "properties": { "from": "1388045593_61", "to": "1388045593_62" }
    },
    {
      "type": "Feature",
      "geometry": {
        "type": "LineString",
        "coordinates": [
          [-83.375499, 33.938631],
          [-83.375501, 33.938638]
        ]
      },
      "properties": { "from": "1388045593_62", "to": "1388045593_63" }
    },
    {
      "type": "Feature",
      "geometry": {
        "type": "LineString",
        "coordinates": [
          [-83.375501, 33.938638],
          [-83.3755, 33.938641]
        ]
      },
      "properties": { "from": "1388045593_63", "to": "1388045593_64" }
    },
    {
      "type": "Feature",
      "geometry": {
        "type": "LineString",
        "coordinates": [
          [-83.3755, 33.938641],
          [-83.375501, 33.938649]
        ]
      },
      "properties": { "from": "1388045593_64", "to": "1388045593_65" }
    },
    {
      "type": "Feature",
      "geometry": {
        "type": "LineString",
        "coordinates": [
          [-83.375501, 33.938649],
          [-83.3755, 33.938651]
        ]
      },
      "properties": { "from": "1388045593_65", "to": "1388045593_66" }
    },
    {
      "type": "Feature",
      "geometry": {
        "type": "LineString",
        "coordinates": [
          [-83.3755, 33.938651],
          [-83.375502, 33.938658]
        ]
      },
      "properties": { "from": "1388045593_66", "to": "1388045593_67" }
    },
    {
      "type": "Feature",
      "geometry": {
        "type": "LineString",
        "coordinates": [
          [-83.375502, 33.938658],
          [-83.375501, 33.938661]
        ]
      },
      "properties": { "from": "1388045593_67", "to": "1388045593_68" }
    },
    {
      "type": "Feature",
      "geometry": {
        "type": "LineString",
        "coordinates": [
          [-83.375501, 33.938661],
          [-83.375502, 33.938664]
        ]
      },
      "properties": { "from": "1388045593_68", "to": "1388045593_69" }
    },
    {
      "type": "Feature",
      "geometry": {
        "type": "LineString",
        "coordinates": [
          [-83.375502, 33.938664],
          [-83.375505, 33.938667]
        ]
      },
      "properties": { "from": "1388045593_69", "to": "1388045593_70" }
    },
    {
      "type": "Feature",
      "geometry": {
        "type": "LineString",
        "coordinates": [
          [-83.374511, 33.938716],
          [-83.374512, 33.938716]
        ]
      },
      "properties": { "from": "1388045594_0", "to": "1388045594_1" }
    },
    {
      "type": "Feature",
      "geometry": {
        "type": "LineString",
        "coordinates": [
          [-83.374512, 33.938716],
          [-83.374516, 33.93872]
        ]
      },
      "properties": { "from": "1388045594_1", "to": "1388045594_4" }
    },
    {
      "type": "Feature",
      "geometry": {
        "type": "LineString",
        "coordinates": [
          [-83.374562, 33.938718],
          [-83.374572, 33.938717]
        ]
      },
      "properties": { "from": "1388045594_2", "to": "1388045594_3" }
    },
    {
      "type": "Feature",
      "geometry": {
        "type": "LineString",
        "coordinates": [
          [-83.374562, 33.938718],
          [-83.374552, 33.938718]
        ]
      },
      "properties": { "from": "1388045594_2", "to": "1388045594_96" }
    },
    {
      "type": "Feature",
      "geometry": {
        "type": "LineString",
        "coordinates": [
          [-83.374572, 33.938717],
          [-83.374578, 33.938719]
        ]
      },
      "properties": { "from": "1388045594_3", "to": "1388045594_97" }
    },
    {
      "type": "Feature",
      "geometry": {
        "type": "LineString",
        "coordinates": [
          [-83.374516, 33.93872],
          [-83.374522, 33.93872]
        ]
      },
      "properties": { "from": "1388045594_4", "to": "1388045594_101" }
    },
    {
      "type": "Feature",
      "geometry": {
        "type": "LineString",
        "coordinates": [
          [-83.374516, 33.93872],
          [-83.374512, 33.938724]
        ]
      },
      "properties": { "from": "1388045594_4", "to": "1388045594_117" }
    },
    {
      "type": "Feature",
      "geometry": {
        "type": "LineString",
        "coordinates": [
          [-83.374761, 33.93871],
          [-83.374765, 33.93871]
        ]
      },
      "properties": { "from": "1388045594_5", "to": "1388045594_6" }
    },
    {
      "type": "Feature",
      "geometry": {
        "type": "LineString",
        "coordinates": [
          [-83.374761, 33.93871],
          [-83.374755, 33.938711]
        ]
      },
      "properties": { "from": "1388045594_5", "to": "1388045594_68" }
    },
    {
      "type": "Feature",
      "geometry": {
        "type": "LineString",
        "coordinates": [
          [-83.374765, 33.93871],
          [-83.374771, 33.938709]
        ]
      },
      "properties": { "from": "1388045594_6", "to": "1388045594_94" }
    },
    {
      "type": "Feature",
      "geometry": {
        "type": "LineString",
        "coordinates": [
          [-83.374871, 33.938705],
          [-83.374861, 33.938705]
        ]
      },
      "properties": { "from": "1388045594_7", "to": "1388045594_8" }
    },
    {
      "type": "Feature",
      "geometry": {
        "type": "LineString",
        "coordinates": [
          [-83.374871, 33.938705],
          [-83.374881, 33.938705]
        ]
      },
      "properties": { "from": "1388045594_7", "to": "1388045594_10" }
    },
    {
      "type": "Feature",
      "geometry": {
        "type": "LineString",
        "coordinates": [
          [-83.374861, 33.938705],
          [-83.37486, 33.938705]
        ]
      },
      "properties": { "from": "1388045594_8", "to": "1388045594_9" }
    },
    {
      "type": "Feature",
      "geometry": {
        "type": "LineString",
        "coordinates": [
          [-83.37486, 33.938705],
          [-83.374851, 33.938706]
        ]
      },
      "properties": { "from": "1388045594_9", "to": "1388045594_11" }
    },
    {
      "type": "Feature",
      "geometry": {
        "type": "LineString",
        "coordinates": [
          [-83.374881, 33.938705],
          [-83.374891, 33.938706]
        ]
      },
      "properties": { "from": "1388045594_10", "to": "1388045594_14" }
    },
    {
      "type": "Feature",
      "geometry": {
        "type": "LineString",
        "coordinates": [
          [-83.374851, 33.938706],
          [-83.374844, 33.938709]
        ]
      },
      "properties": { "from": "1388045594_11", "to": "1388045594_59" }
    },
    {
      "type": "Feature",
      "geometry": {
        "type": "LineString",
        "coordinates": [
          [-83.374901, 33.938705],
          [-83.374899, 33.938706]
        ]
      },
      "properties": { "from": "1388045594_12", "to": "1388045594_13" }
    },
    {
      "type": "Feature",
      "geometry": {
        "type": "LineString",
        "coordinates": [
          [-83.374901, 33.938705],
          [-83.374909, 33.938706]
        ]
      },
      "properties": { "from": "1388045594_12", "to": "1388045594_187" }
    },
    {
      "type": "Feature",
      "geometry": {
        "type": "LineString",
        "coordinates": [
          [-83.374899, 33.938706],
          [-83.374891, 33.938706]
        ]
      },
      "properties": { "from": "1388045594_13", "to": "1388045594_14" }
    },
    {
      "type": "Feature",
      "geometry": {
        "type": "LineString",
        "coordinates": [
          [-83.375346, 33.938692],
          [-83.375348, 33.938693]
        ]
      },
      "properties": { "from": "1388045594_15", "to": "1388045594_16" }
    },
    {
      "type": "Feature",
      "geometry": {
        "type": "LineString",
        "coordinates": [
          [-83.375346, 33.938692],
          [-83.375338, 33.938693]
        ]
      },
      "properties": { "from": "1388045594_15", "to": "1388045594_119" }
    },
    {
      "type": "Feature",
      "geometry": {
        "type": "LineString",
        "coordinates": [
          [-83.375348, 33.938693],
          [-83.375356, 33.938692]
        ]
      },
      "properties": { "from": "1388045594_16", "to": "1388045594_246" }
    },
    {
      "type": "Feature",
      "geometry": {
        "type": "LineString",
        "coordinates": [
          [-83.375071, 33.938698],
          [-83.375069, 33.938699]
        ]
      },
      "properties": { "from": "1388045594_17", "to": "1388045594_18" }
    },
    {
      "type": "Feature",
      "geometry": {
        "type": "LineString",
        "coordinates": [
          [-83.375071, 33.938698],
          [-83.375079, 33.938698]
        ]
      },
      "properties": { "from": "1388045594_17", "to": "1388045594_192" }
    },
    {
      "type": "Feature",
      "geometry": {
        "type": "LineString",
        "coordinates": [
          [-83.375069, 33.938699],
          [-83.375061, 33.938699]
        ]
      },
      "properties": { "from": "1388045594_18", "to": "1388045594_19" }
    },
    {
      "type": "Feature",
      "geometry": {
        "type": "LineString",
        "coordinates": [
          [-83.375061, 33.938699],
          [-83.375059, 33.938699]
        ]
      },
      "properties": { "from": "1388045594_19", "to": "1388045594_20" }
    },
    {
      "type": "Feature",
      "geometry": {
        "type": "LineString",
        "coordinates": [
          [-83.375059, 33.938699],
          [-83.375051, 33.938699]
        ]
      },
      "properties": { "from": "1388045594_20", "to": "1388045594_21" }
    },
    {
      "type": "Feature",
      "geometry": {
        "type": "LineString",
        "coordinates": [
          [-83.375051, 33.938699],
          [-83.375049, 33.9387]
        ]
      },
      "properties": { "from": "1388045594_21", "to": "1388045594_159" }
    },
    {
      "type": "Feature",
      "geometry": {
        "type": "LineString",
        "coordinates": [
          [-83.375111, 33.938685],
          [-83.37511, 33.938687]
        ]
      },
      "properties": { "from": "1388045594_22", "to": "1388045594_23" }
    },
    {
      "type": "Feature",
      "geometry": {
        "type": "LineString",
        "coordinates": [
          [-83.37511, 33.938687],
          [-83.375109, 33.938694]
        ]
      },
      "properties": { "from": "1388045594_23", "to": "1388045594_24" }
    },
    {
      "type": "Feature",
      "geometry": {
        "type": "LineString",
        "coordinates": [
          [-83.375109, 33.938694],
          [-83.375119, 33.938696]
        ]
      },
      "properties": { "from": "1388045594_24", "to": "1388045594_135" }
    },
    {
      "type": "Feature",
      "geometry": {
        "type": "LineString",
        "coordinates": [
          [-83.375109, 33.938694],
          [-83.375099, 33.938698]
        ]
      },
      "properties": { "from": "1388045594_24", "to": "1388045594_188" }
    },
    {
      "type": "Feature",
      "geometry": {
        "type": "LineString",
        "coordinates": [
          [-83.375169, 33.938695],
          [-83.375176, 33.938694]
        ]
      },
      "properties": { "from": "1388045594_25", "to": "1388045594_26" }
    },
    {
      "type": "Feature",
      "geometry": {
        "type": "LineString",
        "coordinates": [
          [-83.375169, 33.938695],
          [-83.375166, 33.938694]
        ]
      },
      "properties": { "from": "1388045594_25", "to": "1388045594_129" }
    },
    {
      "type": "Feature",
      "geometry": {
        "type": "LineString",
        "coordinates": [
          [-83.375176, 33.938694],
          [-83.375181, 33.938695]
        ]
      },
      "properties": { "from": "1388045594_26", "to": "1388045594_27" }
    },
    {
      "type": "Feature",
      "geometry": {
        "type": "LineString",
        "coordinates": [
          [-83.375181, 33.938695],
          [-83.375186, 33.938694]
        ]
      },
      "properties": { "from": "1388045594_27", "to": "1388045594_128" }
    },
    {
      "type": "Feature",
      "geometry": {
        "type": "LineString",
        "coordinates": [
          [-83.375496, 33.938683],
          [-83.375493, 33.938684]
        ]
      },
      "properties": { "from": "1388045594_28", "to": "1388045594_29" }
    },
    {
      "type": "Feature",
      "geometry": {
        "type": "LineString",
        "coordinates": [
          [-83.375496, 33.938683],
          [-83.375503, 33.938683]
        ]
      },
      "properties": { "from": "1388045594_28", "to": "1388045594_249" }
    },
    {
      "type": "Feature",
      "geometry": {
        "type": "LineString",
        "coordinates": [
          [-83.375493, 33.938684],
          [-83.375486, 33.938683]
        ]
      },
      "properties": { "from": "1388045594_29", "to": "1388045594_30" }
    },
    {
      "type": "Feature",
      "geometry": {
        "type": "LineString",
        "coordinates": [
          [-83.375486, 33.938683],
          [-83.375483, 33.938684]
        ]
      },
      "properties": { "from": "1388045594_30", "to": "1388045594_31" }
    },
    {
      "type": "Feature",
      "geometry": {
        "type": "LineString",
        "coordinates": [
          [-83.375483, 33.938684],
          [-83.375476, 33.938683]
        ]
      },
      "properties": { "from": "1388045594_31", "to": "1388045594_32" }
    },
    {
      "type": "Feature",
      "geometry": {
        "type": "LineString",
        "coordinates": [
          [-83.375476, 33.938683],
          [-83.375473, 33.938684]
        ]
      },
      "properties": { "from": "1388045594_32", "to": "1388045594_33" }
    },
    {
      "type": "Feature",
      "geometry": {
        "type": "LineString",
        "coordinates": [
          [-83.375473, 33.938684],
          [-83.375466, 33.938684]
        ]
      },
      "properties": { "from": "1388045594_33", "to": "1388045594_223" }
    },
    {
      "type": "Feature",
      "geometry": {
        "type": "LineString",
        "coordinates": [
          [-83.375762, 33.938671],
          [-83.375754, 33.938676]
        ]
      },
      "properties": { "from": "1388045594_34", "to": "1388045594_35" }
    },
    {
      "type": "Feature",
      "geometry": {
        "type": "LineString",
        "coordinates": [
          [-83.375754, 33.938676],
          [-83.375754, 33.938677]
        ]
      },
      "properties": { "from": "1388045594_35", "to": "1388045594_36" }
    },
    {
      "type": "Feature",
      "geometry": {
        "type": "LineString",
        "coordinates": [
          [-83.375754, 33.938677],
          [-83.375753, 33.938677]
        ]
      },
      "properties": { "from": "1388045594_36", "to": "1388045594_37" }
    },
    {
      "type": "Feature",
      "geometry": {
        "type": "LineString",
        "coordinates": [
          [-83.375754, 33.938677],
          [-83.375761, 33.938681]
        ]
      },
      "properties": { "from": "1388045594_36", "to": "1388045594_198" }
    },
    {
      "type": "Feature",
      "geometry": {
        "type": "LineString",
        "coordinates": [
          [-83.375753, 33.938677],
          [-83.375744, 33.938677]
        ]
      },
      "properties": { "from": "1388045594_37", "to": "1388045594_38" }
    },
    {
      "type": "Feature",
      "geometry": {
        "type": "LineString",
        "coordinates": [
          [-83.375744, 33.938677],
          [-83.375743, 33.938678]
        ]
      },
      "properties": { "from": "1388045594_38", "to": "1388045594_39" }
    },
    {
      "type": "Feature",
      "geometry": {
        "type": "LineString",
        "coordinates": [
          [-83.375743, 33.938678],
          [-83.375735, 33.938677]
        ]
      },
      "properties": { "from": "1388045594_39", "to": "1388045594_40" }
    },
    {
      "type": "Feature",
      "geometry": {
        "type": "LineString",
        "coordinates": [
          [-83.375735, 33.938677],
          [-83.375733, 33.938678]
        ]
      },
      "properties": { "from": "1388045594_40", "to": "1388045594_41" }
    },
    {
      "type": "Feature",
      "geometry": {
        "type": "LineString",
        "coordinates": [
          [-83.375733, 33.938678],
          [-83.375725, 33.938678]
        ]
      },
      "properties": { "from": "1388045594_41", "to": "1388045594_193" }
    },
    {
      "type": "Feature",
      "geometry": {
        "type": "LineString",
        "coordinates": [
          [-83.375571, 33.938665],
          [-83.375564, 33.938662]
        ]
      },
      "properties": { "from": "1388045594_42", "to": "1388045594_43" }
    },
    {
      "type": "Feature",
      "geometry": {
        "type": "LineString",
        "coordinates": [
          [-83.375571, 33.938665],
          [-83.375577, 33.938673]
        ]
      },
      "properties": { "from": "1388045594_42", "to": "1388045594_46" }
    },
    {
      "type": "Feature",
      "geometry": {
        "type": "LineString",
        "coordinates": [
          [-83.375581, 33.938669],
          [-83.37559, 33.93866]
        ]
      },
      "properties": { "from": "1388045594_44", "to": "1388045594_45" }
    },
    {
      "type": "Feature",
      "geometry": {
        "type": "LineString",
        "coordinates": [
          [-83.375581, 33.938669],
          [-83.375579, 33.938673]
        ]
      },
      "properties": { "from": "1388045594_44", "to": "1388045594_47" }
    },
    {
      "type": "Feature",
      "geometry": {
        "type": "LineString",
        "coordinates": [
          [-83.375577, 33.938673],
          [-83.375579, 33.938673]
        ]
      },
      "properties": { "from": "1388045594_46", "to": "1388045594_47" }
    },
    {
      "type": "Feature",
      "geometry": {
        "type": "LineString",
        "coordinates": [
          [-83.375577, 33.938673],
          [-83.375573, 33.938677]
        ]
      },
      "properties": { "from": "1388045594_46", "to": "1388045594_49" }
    },
    {
      "type": "Feature",
      "geometry": {
        "type": "LineString",
        "coordinates": [
          [-83.375579, 33.938673],
          [-83.375583, 33.938676]
        ]
      },
      "properties": { "from": "1388045594_47", "to": "1388045594_48" }
    },
    {
      "type": "Feature",
      "geometry": {
        "type": "LineString",
        "coordinates": [
          [-83.375583, 33.938676],
          [-83.375585, 33.938677]
        ]
      },
      "properties": { "from": "1388045594_48", "to": "1388045594_50" }
    },
    {
      "type": "Feature",
      "geometry": {
        "type": "LineString",
        "coordinates": [
          [-83.375573, 33.938677],
          [-83.375563, 33.93868]
        ]
      },
      "properties": { "from": "1388045594_49", "to": "1388045594_51" }
    },
    {
      "type": "Feature",
      "geometry": {
        "type": "LineString",
        "coordinates": [
          [-83.375585, 33.938677],
          [-83.375594, 33.938682]
        ]
      },
      "properties": { "from": "1388045594_50", "to": "1388045594_52" }
    },
    {
      "type": "Feature",
      "geometry": {
        "type": "LineString",
        "coordinates": [
          [-83.375563, 33.93868],
          [-83.375557, 33.93868]
        ]
      },
      "properties": { "from": "1388045594_51", "to": "1388045594_53" }
    },
    {
      "type": "Feature",
      "geometry": {
        "type": "LineString",
        "coordinates": [
          [-83.375594, 33.938682],
          [-83.375604, 33.938683]
        ]
      },
      "properties": { "from": "1388045594_52", "to": "1388045594_216" }
    },
    {
      "type": "Feature",
      "geometry": {
        "type": "LineString",
        "coordinates": [
          [-83.375557, 33.93868],
          [-83.375553, 33.938682]
        ]
      },
      "properties": { "from": "1388045594_53", "to": "1388045594_54" }
    },
    {
      "type": "Feature",
      "geometry": {
        "type": "LineString",
        "coordinates": [
          [-83.375553, 33.938682],
          [-83.375546, 33.938681]
        ]
      },
      "properties": { "from": "1388045594_54", "to": "1388045594_55" }
    },
    {
      "type": "Feature",
      "geometry": {
        "type": "LineString",
        "coordinates": [
          [-83.375546, 33.938681],
          [-83.375543, 33.938682]
        ]
      },
      "properties": { "from": "1388045594_55", "to": "1388045594_56" }
    },
    {
      "type": "Feature",
      "geometry": {
        "type": "LineString",
        "coordinates": [
          [-83.375543, 33.938682],
          [-83.375536, 33.938681]
        ]
      },
      "properties": { "from": "1388045594_56", "to": "1388045594_57" }
    },
    {
      "type": "Feature",
      "geometry": {
        "type": "LineString",
        "coordinates": [
          [-83.375536, 33.938681],
          [-83.375533, 33.938682]
        ]
      },
      "properties": { "from": "1388045594_57", "to": "1388045594_58" }
    },
    {
      "type": "Feature",
      "geometry": {
        "type": "LineString",
        "coordinates": [
          [-83.375533, 33.938682],
          [-83.375526, 33.938682]
        ]
      },
      "properties": { "from": "1388045594_58", "to": "1388045594_213" }
    },
    {
      "type": "Feature",
      "geometry": {
        "type": "LineString",
        "coordinates": [
          [-83.374844, 33.938709],
          [-83.374841, 33.938708]
        ]
      },
      "properties": { "from": "1388045594_59", "to": "1388045594_66" }
    },
    {
      "type": "Feature",
      "geometry": {
        "type": "LineString",
        "coordinates": [
          [-83.374844, 33.938709],
          [-83.374849, 33.938722]
        ]
      },
      "properties": { "from": "1388045594_59", "to": "1388045594_95" }
    },
    {
      "type": "Feature",
      "geometry": {
        "type": "LineString",
        "coordinates": [
          [-83.374831, 33.938708],
          [-83.374825, 33.938709]
        ]
      },
      "properties": { "from": "1388045594_60", "to": "1388045594_61" }
    },
    {
      "type": "Feature",
      "geometry": {
        "type": "LineString",
        "coordinates": [
          [-83.374831, 33.938708],
          [-83.374836, 33.938709]
        ]
      },
      "properties": { "from": "1388045594_60", "to": "1388045594_62" }
    },
    {
      "type": "Feature",
      "geometry": {
        "type": "LineString",
        "coordinates": [
          [-83.374825, 33.938709],
          [-83.374821, 33.938708]
        ]
      },
      "properties": { "from": "1388045594_61", "to": "1388045594_63" }
    },
    {
      "type": "Feature",
      "geometry": {
        "type": "LineString",
        "coordinates": [
          [-83.374836, 33.938709],
          [-83.374841, 33.938708]
        ]
      },
      "properties": { "from": "1388045594_62", "to": "1388045594_66" }
    },
    {
      "type": "Feature",
      "geometry": {
        "type": "LineString",
        "coordinates": [
          [-83.374821, 33.938708],
          [-83.374815, 33.938709]
        ]
      },
      "properties": { "from": "1388045594_63", "to": "1388045594_64" }
    },
    {
      "type": "Feature",
      "geometry": {
        "type": "LineString",
        "coordinates": [
          [-83.374815, 33.938709],
          [-83.374811, 33.938708]
        ]
      },
      "properties": { "from": "1388045594_64", "to": "1388045594_65" }
    },
    {
      "type": "Feature",
      "geometry": {
        "type": "LineString",
        "coordinates": [
          [-83.374811, 33.938708],
          [-83.374805, 33.938709]
        ]
      },
      "properties": { "from": "1388045594_65", "to": "1388045594_67" }
    },
    {
      "type": "Feature",
      "geometry": {
        "type": "LineString",
        "coordinates": [
          [-83.374805, 33.938709],
          [-83.374801, 33.938708]
        ]
      },
      "properties": { "from": "1388045594_67", "to": "1388045594_88" }
    },
    {
      "type": "Feature",
      "geometry": {
        "type": "LineString",
        "coordinates": [
          [-83.374755, 33.938711],
          [-83.374751, 33.93871]
        ]
      },
      "properties": { "from": "1388045594_68", "to": "1388045594_69" }
    },
    {
      "type": "Feature",
      "geometry": {
        "type": "LineString",
        "coordinates": [
          [-83.374751, 33.93871],
          [-83.374745, 33.938711]
        ]
      },
      "properties": { "from": "1388045594_69", "to": "1388045594_70" }
    },
    {
      "type": "Feature",
      "geometry": {
        "type": "LineString",
        "coordinates": [
          [-83.374745, 33.938711],
          [-83.374741, 33.93871]
        ]
      },
      "properties": { "from": "1388045594_70", "to": "1388045594_71" }
    },
    {
      "type": "Feature",
      "geometry": {
        "type": "LineString",
        "coordinates": [
          [-83.374741, 33.93871],
          [-83.374735, 33.938711]
        ]
      },
      "properties": { "from": "1388045594_71", "to": "1388045594_72" }
    },
    {
      "type": "Feature",
      "geometry": {
        "type": "LineString",
        "coordinates": [
          [-83.374735, 33.938711],
          [-83.374731, 33.938711]
        ]
      },
      "properties": { "from": "1388045594_72", "to": "1388045594_73" }
    },
    {
      "type": "Feature",
      "geometry": {
        "type": "LineString",
        "coordinates": [
          [-83.374731, 33.938711],
          [-83.374725, 33.938712]
        ]
      },
      "properties": { "from": "1388045594_73", "to": "1388045594_74" }
    },
    {
      "type": "Feature",
      "geometry": {
        "type": "LineString",
        "coordinates": [
          [-83.374725, 33.938712],
          [-83.374721, 33.938711]
        ]
      },
      "properties": { "from": "1388045594_74", "to": "1388045594_75" }
    },
    {
      "type": "Feature",
      "geometry": {
        "type": "LineString",
        "coordinates": [
          [-83.374721, 33.938711],
          [-83.374715, 33.938712]
        ]
      },
      "properties": { "from": "1388045594_75", "to": "1388045594_76" }
    },
    {
      "type": "Feature",
      "geometry": {
        "type": "LineString",
        "coordinates": [
          [-83.374715, 33.938712],
          [-83.374711, 33.938711]
        ]
      },
      "properties": { "from": "1388045594_76", "to": "1388045594_77" }
    },
    {
      "type": "Feature",
      "geometry": {
        "type": "LineString",
        "coordinates": [
          [-83.374711, 33.938711],
          [-83.374705, 33.938712]
        ]
      },
      "properties": { "from": "1388045594_77", "to": "1388045594_78" }
    },
    {
      "type": "Feature",
      "geometry": {
        "type": "LineString",
        "coordinates": [
          [-83.374705, 33.938712],
          [-83.374701, 33.938711]
        ]
      },
      "properties": { "from": "1388045594_78", "to": "1388045594_79" }
    },
    {
      "type": "Feature",
      "geometry": {
        "type": "LineString",
        "coordinates": [
          [-83.374701, 33.938711],
          [-83.374695, 33.938712]
        ]
      },
      "properties": { "from": "1388045594_79", "to": "1388045594_80" }
    },
    {
      "type": "Feature",
      "geometry": {
        "type": "LineString",
        "coordinates": [
          [-83.374695, 33.938712],
          [-83.374691, 33.938712]
        ]
      },
      "properties": { "from": "1388045594_80", "to": "1388045594_81" }
    },
    {
      "type": "Feature",
      "geometry": {
        "type": "LineString",
        "coordinates": [
          [-83.374691, 33.938712],
          [-83.374685, 33.938713]
        ]
      },
      "properties": { "from": "1388045594_81", "to": "1388045594_82" }
    },
    {
      "type": "Feature",
      "geometry": {
        "type": "LineString",
        "coordinates": [
          [-83.374685, 33.938713],
          [-83.374681, 33.938712]
        ]
      },
      "properties": { "from": "1388045594_82", "to": "1388045594_83" }
    },
    {
      "type": "Feature",
      "geometry": {
        "type": "LineString",
        "coordinates": [
          [-83.374681, 33.938712],
          [-83.374674, 33.938713]
        ]
      },
      "properties": { "from": "1388045594_83", "to": "1388045594_84" }
    },
    {
      "type": "Feature",
      "geometry": {
        "type": "LineString",
        "coordinates": [
          [-83.374674, 33.938713],
          [-83.374671, 33.938712]
        ]
      },
      "properties": { "from": "1388045594_84", "to": "1388045594_85" }
    },
    {
      "type": "Feature",
      "geometry": {
        "type": "LineString",
        "coordinates": [
          [-83.374671, 33.938712],
          [-83.374661, 33.938714]
        ]
      },
      "properties": { "from": "1388045594_85", "to": "1388045594_86" }
    },
    {
      "type": "Feature",
      "geometry": {
        "type": "LineString",
        "coordinates": [
          [-83.374661, 33.938714],
          [-83.37466, 33.938715]
        ]
      },
      "properties": { "from": "1388045594_86", "to": "1388045594_87" }
    },
    {
      "type": "Feature",
      "geometry": {
        "type": "LineString",
        "coordinates": [
          [-83.37466, 33.938715],
          [-83.374651, 33.938716]
        ]
      },
      "properties": { "from": "1388045594_87", "to": "1388045594_102" }
    },
    {
      "type": "Feature",
      "geometry": {
        "type": "LineString",
        "coordinates": [
          [-83.374801, 33.938708],
          [-83.374795, 33.93871]
        ]
      },
      "properties": { "from": "1388045594_88", "to": "1388045594_89" }
    },
    {
      "type": "Feature",
      "geometry": {
        "type": "LineString",
        "coordinates": [
          [-83.374795, 33.93871],
          [-83.374791, 33.938709]
        ]
      },
      "properties": { "from": "1388045594_89", "to": "1388045594_90" }
    },
    {
      "type": "Feature",
      "geometry": {
        "type": "LineString",
        "coordinates": [
          [-83.374791, 33.938709],
          [-83.374785, 33.93871]
        ]
      },
      "properties": { "from": "1388045594_90", "to": "1388045594_91" }
    },
    {
      "type": "Feature",
      "geometry": {
        "type": "LineString",
        "coordinates": [
          [-83.374785, 33.93871],
          [-83.374781, 33.938709]
        ]
      },
      "properties": { "from": "1388045594_91", "to": "1388045594_92" }
    },
    {
      "type": "Feature",
      "geometry": {
        "type": "LineString",
        "coordinates": [
          [-83.374781, 33.938709],
          [-83.374775, 33.93871]
        ]
      },
      "properties": { "from": "1388045594_92", "to": "1388045594_93" }
    },
    {
      "type": "Feature",
      "geometry": {
        "type": "LineString",
        "coordinates": [
          [-83.374775, 33.93871],
          [-83.374771, 33.938709]
        ]
      },
      "properties": { "from": "1388045594_93", "to": "1388045594_94" }
    },
    {
      "type": "Feature",
      "geometry": {
        "type": "LineString",
        "coordinates": [
          [-83.374849, 33.938722],
          [-83.374847, 33.938728]
        ]
      },
      "properties": { "from": "1388045594_95", "to": "1388045594_112" }
    },
    {
      "type": "Feature",
      "geometry": {
        "type": "LineString",
        "coordinates": [
          [-83.374552, 33.938718],
          [-83.374542, 33.938719]
        ]
      },
      "properties": { "from": "1388045594_96", "to": "1388045594_98" }
    },
    {
      "type": "Feature",
      "geometry": {
        "type": "LineString",
        "coordinates": [
          [-83.374578, 33.938719],
          [-83.374582, 33.938719]
        ]
      },
      "properties": { "from": "1388045594_97", "to": "1388045594_100" }
    },
    {
      "type": "Feature",
      "geometry": {
        "type": "LineString",
        "coordinates": [
          [-83.374542, 33.938719],
          [-83.374532, 33.938719]
        ]
      },
      "properties": { "from": "1388045594_98", "to": "1388045594_99" }
    },
    {
      "type": "Feature",
      "geometry": {
        "type": "LineString",
        "coordinates": [
          [-83.374532, 33.938719],
          [-83.374522, 33.93872]
        ]
      },
      "properties": { "from": "1388045594_99", "to": "1388045594_101" }
    },
    {
      "type": "Feature",
      "geometry": {
        "type": "LineString",
        "coordinates": [
          [-83.374582, 33.938719],
          [-83.374589, 33.938721]
        ]
      },
      "properties": { "from": "1388045594_100", "to": "1388045594_115" }
    },
    {
      "type": "Feature",
      "geometry": {
        "type": "LineString",
        "coordinates": [
          [-83.374651, 33.938716],
          [-83.374642, 33.938718]
        ]
      },
      "properties": { "from": "1388045594_102", "to": "1388045594_103" }
    },
    {
      "type": "Feature",
      "geometry": {
        "type": "LineString",
        "coordinates": [
          [-83.374642, 33.938718],
          [-83.374641, 33.938718]
        ]
      },
      "properties": { "from": "1388045594_103", "to": "1388045594_104" }
    },
    {
      "type": "Feature",
      "geometry": {
        "type": "LineString",
        "coordinates": [
          [-83.374641, 33.938718],
          [-83.374632, 33.93872]
        ]
      },
      "properties": { "from": "1388045594_104", "to": "1388045594_105" }
    },
    {
      "type": "Feature",
      "geometry": {
        "type": "LineString",
        "coordinates": [
          [-83.374632, 33.93872],
          [-83.374631, 33.93872]
        ]
      },
      "properties": { "from": "1388045594_105", "to": "1388045594_106" }
    },
    {
      "type": "Feature",
      "geometry": {
        "type": "LineString",
        "coordinates": [
          [-83.374631, 33.93872],
          [-83.374622, 33.938722]
        ]
      },
      "properties": { "from": "1388045594_106", "to": "1388045594_107" }
    },
    {
      "type": "Feature",
      "geometry": {
        "type": "LineString",
        "coordinates": [
          [-83.374622, 33.938722],
          [-83.374621, 33.938722]
        ]
      },
      "properties": { "from": "1388045594_107", "to": "1388045594_108" }
    },
    {
      "type": "Feature",
      "geometry": {
        "type": "LineString",
        "coordinates": [
          [-83.374621, 33.938722],
          [-83.374612, 33.938724]
        ]
      },
      "properties": { "from": "1388045594_108", "to": "1388045594_109" }
    },
    {
      "type": "Feature",
      "geometry": {
        "type": "LineString",
        "coordinates": [
          [-83.374612, 33.938724],
          [-83.374611, 33.938724]
        ]
      },
      "properties": { "from": "1388045594_109", "to": "1388045594_252" }
    },
    {
      "type": "Feature",
      "geometry": {
        "type": "LineString",
        "coordinates": [
          [-83.374599, 33.938723],
          [-83.374602, 33.938723]
        ]
      },
      "properties": { "from": "1388045594_110", "to": "1388045594_111" }
    },
    {
      "type": "Feature",
      "geometry": {
        "type": "LineString",
        "coordinates": [
          [-83.374599, 33.938723],
          [-83.374592, 33.938721]
        ]
      },
      "properties": { "from": "1388045594_110", "to": "1388045594_116" }
    },
    {
      "type": "Feature",
      "geometry": {
        "type": "LineString",
        "coordinates": [
          [-83.374602, 33.938723],
          [-83.374607, 33.938724]
        ]
      },
      "properties": { "from": "1388045594_111", "to": "1388045594_253" }
    },
    {
      "type": "Feature",
      "geometry": {
        "type": "LineString",
        "coordinates": [
          [-83.374847, 33.938728],
          [-83.374849, 33.938732]
        ]
      },
      "properties": { "from": "1388045594_112", "to": "1388045594_113" }
    },
    {
      "type": "Feature",
      "geometry": {
        "type": "LineString",
        "coordinates": [
          [-83.374849, 33.938732],
          [-83.374846, 33.938735]
        ]
      },
      "properties": { "from": "1388045594_113", "to": "1388045594_114" }
    },
    {
      "type": "Feature",
      "geometry": {
        "type": "LineString",
        "coordinates": [
          [-83.374589, 33.938721],
          [-83.374592, 33.938721]
        ]
      },
      "properties": { "from": "1388045594_115", "to": "1388045594_116" }
    },
    {
      "type": "Feature",
      "geometry": {
        "type": "LineString",
        "coordinates": [
          [-83.374512, 33.938724],
          [-83.374509, 33.938726]
        ]
      },
      "properties": { "from": "1388045594_117", "to": "1388045594_118" }
    },
    {
      "type": "Feature",
      "geometry": {
        "type": "LineString",
        "coordinates": [
          [-83.375338, 33.938693],
          [-83.375336, 33.938693]
        ]
      },
      "properties": { "from": "1388045594_119", "to": "1388045594_120" }
    },
    {
      "type": "Feature",
      "geometry": {
        "type": "LineString",
        "coordinates": [
          [-83.375336, 33.938693],
          [-83.375328, 33.938694]
        ]
      },
      "properties": { "from": "1388045594_120", "to": "1388045594_121" }
    },
    {
      "type": "Feature",
      "geometry": {
        "type": "LineString",
        "coordinates": [
          [-83.375328, 33.938694],
          [-83.375326, 33.938693]
        ]
      },
      "properties": { "from": "1388045594_121", "to": "1388045594_122" }
    },
    {
      "type": "Feature",
      "geometry": {
        "type": "LineString",
        "coordinates": [
          [-83.375326, 33.938693],
          [-83.375318, 33.938694]
        ]
      },
      "properties": { "from": "1388045594_122", "to": "1388045594_123" }
    },
    {
      "type": "Feature",
      "geometry": {
        "type": "LineString",
        "coordinates": [
          [-83.375318, 33.938694],
          [-83.375316, 33.938694]
        ]
      },
      "properties": { "from": "1388045594_123", "to": "1388045594_124" }
    },
    {
      "type": "Feature",
      "geometry": {
        "type": "LineString",
        "coordinates": [
          [-83.375316, 33.938694],
          [-83.375308, 33.938694]
        ]
      },
      "properties": { "from": "1388045594_124", "to": "1388045594_125" }
    },
    {
      "type": "Feature",
      "geometry": {
        "type": "LineString",
        "coordinates": [
          [-83.375308, 33.938694],
          [-83.375306, 33.938694]
        ]
      },
      "properties": { "from": "1388045594_125", "to": "1388045594_126" }
    },
    {
      "type": "Feature",
      "geometry": {
        "type": "LineString",
        "coordinates": [
          [-83.375306, 33.938694],
          [-83.375298, 33.938695]
        ]
      },
      "properties": { "from": "1388045594_126", "to": "1388045594_127" }
    },
    {
      "type": "Feature",
      "geometry": {
        "type": "LineString",
        "coordinates": [
          [-83.375298, 33.938695],
          [-83.375296, 33.938695]
        ]
      },
      "properties": { "from": "1388045594_127", "to": "1388045594_139" }
    },
    {
      "type": "Feature",
      "geometry": {
        "type": "LineString",
        "coordinates": [
          [-83.375186, 33.938694],
          [-83.375193, 33.938696]
        ]
      },
      "properties": { "from": "1388045594_128", "to": "1388045594_141" }
    },
    {
      "type": "Feature",
      "geometry": {
        "type": "LineString",
        "coordinates": [
          [-83.375166, 33.938694],
          [-83.375159, 33.938695]
        ]
      },
      "properties": { "from": "1388045594_129", "to": "1388045594_130" }
    },
    {
      "type": "Feature",
      "geometry": {
        "type": "LineString",
        "coordinates": [
          [-83.375159, 33.938695],
          [-83.375156, 33.938694]
        ]
      },
      "properties": { "from": "1388045594_130", "to": "1388045594_131" }
    },
    {
      "type": "Feature",
      "geometry": {
        "type": "LineString",
        "coordinates": [
          [-83.375156, 33.938694],
          [-83.375149, 33.938695]
        ]
      },
      "properties": { "from": "1388045594_131", "to": "1388045594_132" }
    },
    {
      "type": "Feature",
      "geometry": {
        "type": "LineString",
        "coordinates": [
          [-83.375149, 33.938695],
          [-83.375146, 33.938695]
        ]
      },
      "properties": { "from": "1388045594_132", "to": "1388045594_133" }
    },
    {
      "type": "Feature",
      "geometry": {
        "type": "LineString",
        "coordinates": [
          [-83.375146, 33.938695],
          [-83.375139, 33.938696]
        ]
      },
      "properties": { "from": "1388045594_133", "to": "1388045594_134" }
    },
    {
      "type": "Feature",
      "geometry": {
        "type": "LineString",
        "coordinates": [
          [-83.375139, 33.938696],
          [-83.375136, 33.938695]
        ]
      },
      "properties": { "from": "1388045594_134", "to": "1388045594_136" }
    },
    {
      "type": "Feature",
      "geometry": {
        "type": "LineString",
        "coordinates": [
          [-83.375119, 33.938696],
          [-83.375126, 33.938695]
        ]
      },
      "properties": { "from": "1388045594_135", "to": "1388045594_138" }
    },
    {
      "type": "Feature",
      "geometry": {
        "type": "LineString",
        "coordinates": [
          [-83.375136, 33.938695],
          [-83.375129, 33.938696]
        ]
      },
      "properties": { "from": "1388045594_136", "to": "1388045594_137" }
    },
    {
      "type": "Feature",
      "geometry": {
        "type": "LineString",
        "coordinates": [
          [-83.375129, 33.938696],
          [-83.375126, 33.938695]
        ]
      },
      "properties": { "from": "1388045594_137", "to": "1388045594_138" }
    },
    {
      "type": "Feature",
      "geometry": {
        "type": "LineString",
        "coordinates": [
          [-83.375296, 33.938695],
          [-83.375288, 33.938695]
        ]
      },
      "properties": { "from": "1388045594_139", "to": "1388045594_140" }
    },
    {
      "type": "Feature",
      "geometry": {
        "type": "LineString",
        "coordinates": [
          [-83.375288, 33.938695],
          [-83.375286, 33.938695]
        ]
      },
      "properties": { "from": "1388045594_140", "to": "1388045594_142" }
    },
    {
      "type": "Feature",
      "geometry": {
        "type": "LineString",
        "coordinates": [
          [-83.375193, 33.938696],
          [-83.375196, 33.938695]
        ]
      },
      "properties": { "from": "1388045594_141", "to": "1388045594_144" }
    },
    {
      "type": "Feature",
      "geometry": {
        "type": "LineString",
        "coordinates": [
          [-83.375286, 33.938695],
          [-83.375278, 33.938696]
        ]
      },
      "properties": { "from": "1388045594_142", "to": "1388045594_143" }
    },
    {
      "type": "Feature",
      "geometry": {
        "type": "LineString",
        "coordinates": [
          [-83.375278, 33.938696],
          [-83.375276, 33.938695]
        ]
      },
      "properties": { "from": "1388045594_143", "to": "1388045594_145" }
    },
    {
      "type": "Feature",
      "geometry": {
        "type": "LineString",
        "coordinates": [
          [-83.375196, 33.938695],
          [-83.375203, 33.938696]
        ]
      },
      "properties": { "from": "1388045594_144", "to": "1388045594_147" }
    },
    {
      "type": "Feature",
      "geometry": {
        "type": "LineString",
        "coordinates": [
          [-83.375276, 33.938695],
          [-83.375268, 33.938696]
        ]
      },
      "properties": { "from": "1388045594_145", "to": "1388045594_146" }
    },
    {
      "type": "Feature",
      "geometry": {
        "type": "LineString",
        "coordinates": [
          [-83.375268, 33.938696],
          [-83.375266, 33.938696]
        ]
      },
      "properties": { "from": "1388045594_146", "to": "1388045594_148" }
    },
    {
      "type": "Feature",
      "geometry": {
        "type": "LineString",
        "coordinates": [
          [-83.375203, 33.938696],
          [-83.375206, 33.938696]
        ]
      },
      "properties": { "from": "1388045594_147", "to": "1388045594_150" }
    },
    {
      "type": "Feature",
      "geometry": {
        "type": "LineString",
        "coordinates": [
          [-83.375266, 33.938696],
          [-83.375257, 33.938697]
        ]
      },
      "properties": { "from": "1388045594_148", "to": "1388045594_149" }
    },
    {
      "type": "Feature",
      "geometry": {
        "type": "LineString",
        "coordinates": [
          [-83.375257, 33.938697],
          [-83.375256, 33.938696]
        ]
      },
      "properties": { "from": "1388045594_149", "to": "1388045594_151" }
    },
    {
      "type": "Feature",
      "geometry": {
        "type": "LineString",
        "coordinates": [
          [-83.375206, 33.938696],
          [-83.375213, 33.938697]
        ]
      },
      "properties": { "from": "1388045594_150", "to": "1388045594_153" }
    },
    {
      "type": "Feature",
      "geometry": {
        "type": "LineString",
        "coordinates": [
          [-83.375256, 33.938696],
          [-83.375247, 33.938697]
        ]
      },
      "properties": { "from": "1388045594_151", "to": "1388045594_152" }
    },
    {
      "type": "Feature",
      "geometry": {
        "type": "LineString",
        "coordinates": [
          [-83.375247, 33.938697],
          [-83.375245, 33.938697]
        ]
      },
      "properties": { "from": "1388045594_152", "to": "1388045594_154" }
    },
    {
      "type": "Feature",
      "geometry": {
        "type": "LineString",
        "coordinates": [
          [-83.375213, 33.938697],
          [-83.375215, 33.938697]
        ]
      },
      "properties": { "from": "1388045594_153", "to": "1388045594_156" }
    },
    {
      "type": "Feature",
      "geometry": {
        "type": "LineString",
        "coordinates": [
          [-83.375245, 33.938697],
          [-83.375237, 33.938698]
        ]
      },
      "properties": { "from": "1388045594_154", "to": "1388045594_155" }
    },
    {
      "type": "Feature",
      "geometry": {
        "type": "LineString",
        "coordinates": [
          [-83.375237, 33.938698],
          [-83.375235, 33.938697]
        ]
      },
      "properties": { "from": "1388045594_155", "to": "1388045594_157" }
    },
    {
      "type": "Feature",
      "geometry": {
        "type": "LineString",
        "coordinates": [
          [-83.375215, 33.938697],
          [-83.37522, 33.938698]
        ]
      },
      "properties": { "from": "1388045594_156", "to": "1388045594_250" }
    },
    {
      "type": "Feature",
      "geometry": {
        "type": "LineString",
        "coordinates": [
          [-83.375235, 33.938697],
          [-83.375227, 33.938698]
        ]
      },
      "properties": { "from": "1388045594_157", "to": "1388045594_158" }
    },
    {
      "type": "Feature",
      "geometry": {
        "type": "LineString",
        "coordinates": [
          [-83.375227, 33.938698],
          [-83.375225, 33.938698]
        ]
      },
      "properties": { "from": "1388045594_158", "to": "1388045594_251" }
    },
    {
      "type": "Feature",
      "geometry": {
        "type": "LineString",
        "coordinates": [
          [-83.375049, 33.9387],
          [-83.375041, 33.9387]
        ]
      },
      "properties": { "from": "1388045594_159", "to": "1388045594_160" }
    },
    {
      "type": "Feature",
      "geometry": {
        "type": "LineString",
        "coordinates": [
          [-83.375041, 33.9387],
          [-83.375039, 33.9387]
        ]
      },
      "properties": { "from": "1388045594_160", "to": "1388045594_161" }
    },
    {
      "type": "Feature",
      "geometry": {
        "type": "LineString",
        "coordinates": [
          [-83.375039, 33.9387],
          [-83.375031, 33.9387]
        ]
      },
      "properties": { "from": "1388045594_161", "to": "1388045594_162" }
    },
    {
      "type": "Feature",
      "geometry": {
        "type": "LineString",
        "coordinates": [
          [-83.375031, 33.9387],
          [-83.375029, 33.938701]
        ]
      },
      "properties": { "from": "1388045594_162", "to": "1388045594_163" }
    },
    {
      "type": "Feature",
      "geometry": {
        "type": "LineString",
        "coordinates": [
          [-83.375029, 33.938701],
          [-83.375021, 33.938701]
        ]
      },
      "properties": { "from": "1388045594_163", "to": "1388045594_164" }
    },
    {
      "type": "Feature",
      "geometry": {
        "type": "LineString",
        "coordinates": [
          [-83.375021, 33.938701],
          [-83.375019, 33.938701]
        ]
      },
      "properties": { "from": "1388045594_164", "to": "1388045594_165" }
    },
    {
      "type": "Feature",
      "geometry": {
        "type": "LineString",
        "coordinates": [
          [-83.375019, 33.938701],
          [-83.375011, 33.938701]
        ]
      },
      "properties": { "from": "1388045594_165", "to": "1388045594_166" }
    },
    {
      "type": "Feature",
      "geometry": {
        "type": "LineString",
        "coordinates": [
          [-83.375011, 33.938701],
          [-83.375009, 33.938702]
        ]
      },
      "properties": { "from": "1388045594_166", "to": "1388045594_167" }
    },
    {
      "type": "Feature",
      "geometry": {
        "type": "LineString",
        "coordinates": [
          [-83.375009, 33.938702],
          [-83.375001, 33.938701]
        ]
      },
      "properties": { "from": "1388045594_167", "to": "1388045594_168" }
    },
    {
      "type": "Feature",
      "geometry": {
        "type": "LineString",
        "coordinates": [
          [-83.375001, 33.938701],
          [-83.374999, 33.938702]
        ]
      },
      "properties": { "from": "1388045594_168", "to": "1388045594_169" }
    },
    {
      "type": "Feature",
      "geometry": {
        "type": "LineString",
        "coordinates": [
          [-83.374999, 33.938702],
          [-83.374991, 33.938702]
        ]
      },
      "properties": { "from": "1388045594_169", "to": "1388045594_170" }
    },
    {
      "type": "Feature",
      "geometry": {
        "type": "LineString",
        "coordinates": [
          [-83.374991, 33.938702],
          [-83.374989, 33.938703]
        ]
      },
      "properties": { "from": "1388045594_170", "to": "1388045594_171" }
    },
    {
      "type": "Feature",
      "geometry": {
        "type": "LineString",
        "coordinates": [
          [-83.374989, 33.938703],
          [-83.374981, 33.938702]
        ]
      },
      "properties": { "from": "1388045594_171", "to": "1388045594_172" }
    },
    {
      "type": "Feature",
      "geometry": {
        "type": "LineString",
        "coordinates": [
          [-83.374981, 33.938702],
          [-83.374979, 33.938703]
        ]
      },
      "properties": { "from": "1388045594_172", "to": "1388045594_173" }
    },
    {
      "type": "Feature",
      "geometry": {
        "type": "LineString",
        "coordinates": [
          [-83.374979, 33.938703],
          [-83.374971, 33.938703]
        ]
      },
      "properties": { "from": "1388045594_173", "to": "1388045594_174" }
    },
    {
      "type": "Feature",
      "geometry": {
        "type": "LineString",
        "coordinates": [
          [-83.374971, 33.938703],
          [-83.374969, 33.938703]
        ]
      },
      "properties": { "from": "1388045594_174", "to": "1388045594_175" }
    },
    {
      "type": "Feature",
      "geometry": {
        "type": "LineString",
        "coordinates": [
          [-83.374969, 33.938703],
          [-83.374961, 33.938703]
        ]
      },
      "properties": { "from": "1388045594_175", "to": "1388045594_176" }
    },
    {
      "type": "Feature",
      "geometry": {
        "type": "LineString",
        "coordinates": [
          [-83.374961, 33.938703],
          [-83.374959, 33.938704]
        ]
      },
      "properties": { "from": "1388045594_176", "to": "1388045594_177" }
    },
    {
      "type": "Feature",
      "geometry": {
        "type": "LineString",
        "coordinates": [
          [-83.374959, 33.938704],
          [-83.374951, 33.938703]
        ]
      },
      "properties": { "from": "1388045594_177", "to": "1388045594_178" }
    },
    {
      "type": "Feature",
      "geometry": {
        "type": "LineString",
        "coordinates": [
          [-83.374951, 33.938703],
          [-83.374949, 33.938704]
        ]
      },
      "properties": { "from": "1388045594_178", "to": "1388045594_179" }
    },
    {
      "type": "Feature",
      "geometry": {
        "type": "LineString",
        "coordinates": [
          [-83.374949, 33.938704],
          [-83.374941, 33.938704]
        ]
      },
      "properties": { "from": "1388045594_179", "to": "1388045594_180" }
    },
    {
      "type": "Feature",
      "geometry": {
        "type": "LineString",
        "coordinates": [
          [-83.374941, 33.938704],
          [-83.374939, 33.938704]
        ]
      },
      "properties": { "from": "1388045594_180", "to": "1388045594_181" }
    },
    {
      "type": "Feature",
      "geometry": {
        "type": "LineString",
        "coordinates": [
          [-83.374939, 33.938704],
          [-83.374931, 33.938704]
        ]
      },
      "properties": { "from": "1388045594_181", "to": "1388045594_182" }
    },
    {
      "type": "Feature",
      "geometry": {
        "type": "LineString",
        "coordinates": [
          [-83.374931, 33.938704],
          [-83.374929, 33.938705]
        ]
      },
      "properties": { "from": "1388045594_182", "to": "1388045594_183" }
    },
    {
      "type": "Feature",
      "geometry": {
        "type": "LineString",
        "coordinates": [
          [-83.374929, 33.938705],
          [-83.374921, 33.938704]
        ]
      },
      "properties": { "from": "1388045594_183", "to": "1388045594_184" }
    },
    {
      "type": "Feature",
      "geometry": {
        "type": "LineString",
        "coordinates": [
          [-83.374921, 33.938704],
          [-83.374919, 33.938705]
        ]
      },
      "properties": { "from": "1388045594_184", "to": "1388045594_185" }
    },
    {
      "type": "Feature",
      "geometry": {
        "type": "LineString",
        "coordinates": [
          [-83.374919, 33.938705],
          [-83.374911, 33.938705]
        ]
      },
      "properties": { "from": "1388045594_185", "to": "1388045594_186" }
    },
    {
      "type": "Feature",
      "geometry": {
        "type": "LineString",
        "coordinates": [
          [-83.374911, 33.938705],
          [-83.374909, 33.938706]
        ]
      },
      "properties": { "from": "1388045594_186", "to": "1388045594_187" }
    },
    {
      "type": "Feature",
      "geometry": {
        "type": "LineString",
        "coordinates": [
          [-83.375099, 33.938698],
          [-83.375091, 33.938697]
        ]
      },
      "properties": { "from": "1388045594_188", "to": "1388045594_189" }
    },
    {
      "type": "Feature",
      "geometry": {
        "type": "LineString",
        "coordinates": [
          [-83.375091, 33.938697],
          [-83.375089, 33.938698]
        ]
      },
      "properties": { "from": "1388045594_189", "to": "1388045594_190" }
    },
    {
      "type": "Feature",
      "geometry": {
        "type": "LineString",
        "coordinates": [
          [-83.375089, 33.938698],
          [-83.375081, 33.938698]
        ]
      },
      "properties": { "from": "1388045594_190", "to": "1388045594_191" }
    },
    {
      "type": "Feature",
      "geometry": {
        "type": "LineString",
        "coordinates": [
          [-83.375081, 33.938698],
          [-83.375079, 33.938698]
        ]
      },
      "properties": { "from": "1388045594_191", "to": "1388045594_192" }
    },
    {
      "type": "Feature",
      "geometry": {
        "type": "LineString",
        "coordinates": [
          [-83.375725, 33.938678],
          [-83.375723, 33.938679]
        ]
      },
      "properties": { "from": "1388045594_193", "to": "1388045594_194" }
    },
    {
      "type": "Feature",
      "geometry": {
        "type": "LineString",
        "coordinates": [
          [-83.375723, 33.938679],
          [-83.375715, 33.938678]
        ]
      },
      "properties": { "from": "1388045594_194", "to": "1388045594_195" }
    },
    {
      "type": "Feature",
      "geometry": {
        "type": "LineString",
        "coordinates": [
          [-83.375715, 33.938678],
          [-83.375713, 33.938679]
        ]
      },
      "properties": { "from": "1388045594_195", "to": "1388045594_196" }
    },
    {
      "type": "Feature",
      "geometry": {
        "type": "LineString",
        "coordinates": [
          [-83.375713, 33.938679],
          [-83.375705, 33.938679]
        ]
      },
      "properties": { "from": "1388045594_196", "to": "1388045594_197" }
    },
    {
      "type": "Feature",
      "geometry": {
        "type": "LineString",
        "coordinates": [
          [-83.375705, 33.938679],
          [-83.375702, 33.93868]
        ]
      },
      "properties": { "from": "1388045594_197", "to": "1388045594_199" }
    },
    {
      "type": "Feature",
      "geometry": {
        "type": "LineString",
        "coordinates": [
          [-83.375761, 33.938681],
          [-83.375763, 33.938688]
        ]
      },
      "properties": { "from": "1388045594_198", "to": "1388045594_255" }
    },
    {
      "type": "Feature",
      "geometry": {
        "type": "LineString",
        "coordinates": [
          [-83.375702, 33.93868],
          [-83.375695, 33.938679]
        ]
      },
      "properties": { "from": "1388045594_199", "to": "1388045594_200" }
    },
    {
      "type": "Feature",
      "geometry": {
        "type": "LineString",
        "coordinates": [
          [-83.375695, 33.938679],
          [-83.375692, 33.93868]
        ]
      },
      "properties": { "from": "1388045594_200", "to": "1388045594_201" }
    },
    {
      "type": "Feature",
      "geometry": {
        "type": "LineString",
        "coordinates": [
          [-83.375692, 33.93868],
          [-83.375685, 33.93868]
        ]
      },
      "properties": { "from": "1388045594_201", "to": "1388045594_202" }
    },
    {
      "type": "Feature",
      "geometry": {
        "type": "LineString",
        "coordinates": [
          [-83.375685, 33.93868],
          [-83.375682, 33.93868]
        ]
      },
      "properties": { "from": "1388045594_202", "to": "1388045594_203" }
    },
    {
      "type": "Feature",
      "geometry": {
        "type": "LineString",
        "coordinates": [
          [-83.375682, 33.93868],
          [-83.375675, 33.93868]
        ]
      },
      "properties": { "from": "1388045594_203", "to": "1388045594_204" }
    },
    {
      "type": "Feature",
      "geometry": {
        "type": "LineString",
        "coordinates": [
          [-83.375675, 33.93868],
          [-83.375672, 33.938681]
        ]
      },
      "properties": { "from": "1388045594_204", "to": "1388045594_205" }
    },
    {
      "type": "Feature",
      "geometry": {
        "type": "LineString",
        "coordinates": [
          [-83.375672, 33.938681],
          [-83.375665, 33.938681]
        ]
      },
      "properties": { "from": "1388045594_205", "to": "1388045594_206" }
    },
    {
      "type": "Feature",
      "geometry": {
        "type": "LineString",
        "coordinates": [
          [-83.375665, 33.938681],
          [-83.375662, 33.938681]
        ]
      },
      "properties": { "from": "1388045594_206", "to": "1388045594_207" }
    },
    {
      "type": "Feature",
      "geometry": {
        "type": "LineString",
        "coordinates": [
          [-83.375662, 33.938681],
          [-83.375655, 33.938681]
        ]
      },
      "properties": { "from": "1388045594_207", "to": "1388045594_208" }
    },
    {
      "type": "Feature",
      "geometry": {
        "type": "LineString",
        "coordinates": [
          [-83.375655, 33.938681],
          [-83.375652, 33.938682]
        ]
      },
      "properties": { "from": "1388045594_208", "to": "1388045594_209" }
    },
    {
      "type": "Feature",
      "geometry": {
        "type": "LineString",
        "coordinates": [
          [-83.375652, 33.938682],
          [-83.375645, 33.938681]
        ]
      },
      "properties": { "from": "1388045594_209", "to": "1388045594_210" }
    },
    {
      "type": "Feature",
      "geometry": {
        "type": "LineString",
        "coordinates": [
          [-83.375645, 33.938681],
          [-83.375642, 33.938682]
        ]
      },
      "properties": { "from": "1388045594_210", "to": "1388045594_211" }
    },
    {
      "type": "Feature",
      "geometry": {
        "type": "LineString",
        "coordinates": [
          [-83.375642, 33.938682],
          [-83.375635, 33.938682]
        ]
      },
      "properties": { "from": "1388045594_211", "to": "1388045594_212" }
    },
    {
      "type": "Feature",
      "geometry": {
        "type": "LineString",
        "coordinates": [
          [-83.375635, 33.938682],
          [-83.375632, 33.938683]
        ]
      },
      "properties": { "from": "1388045594_212", "to": "1388045594_215" }
    },
    {
      "type": "Feature",
      "geometry": {
        "type": "LineString",
        "coordinates": [
          [-83.375526, 33.938682],
          [-83.375523, 33.938683]
        ]
      },
      "properties": { "from": "1388045594_213", "to": "1388045594_214" }
    },
    {
      "type": "Feature",
      "geometry": {
        "type": "LineString",
        "coordinates": [
          [-83.375523, 33.938683],
          [-83.375516, 33.938682]
        ]
      },
      "properties": { "from": "1388045594_214", "to": "1388045594_217" }
    },
    {
      "type": "Feature",
      "geometry": {
        "type": "LineString",
        "coordinates": [
          [-83.375632, 33.938683],
          [-83.375625, 33.938682]
        ]
      },
      "properties": { "from": "1388045594_215", "to": "1388045594_219" }
    },
    {
      "type": "Feature",
      "geometry": {
        "type": "LineString",
        "coordinates": [
          [-83.375604, 33.938683],
          [-83.375605, 33.938683]
        ]
      },
      "properties": { "from": "1388045594_216", "to": "1388045594_218" }
    },
    {
      "type": "Feature",
      "geometry": {
        "type": "LineString",
        "coordinates": [
          [-83.375516, 33.938682],
          [-83.375513, 33.938683]
        ]
      },
      "properties": { "from": "1388045594_217", "to": "1388045594_220" }
    },
    {
      "type": "Feature",
      "geometry": {
        "type": "LineString",
        "coordinates": [
          [-83.375605, 33.938683],
          [-83.375614, 33.938683]
        ]
      },
      "properties": { "from": "1388045594_218", "to": "1388045594_221" }
    },
    {
      "type": "Feature",
      "geometry": {
        "type": "LineString",
        "coordinates": [
          [-83.375625, 33.938682],
          [-83.375623, 33.938683]
        ]
      },
      "properties": { "from": "1388045594_219", "to": "1388045594_222" }
    },
    {
      "type": "Feature",
      "geometry": {
        "type": "LineString",
        "coordinates": [
          [-83.375513, 33.938683],
          [-83.375505, 33.938683]
        ]
      },
      "properties": { "from": "1388045594_220", "to": "1388045594_247" }
    },
    {
      "type": "Feature",
      "geometry": {
        "type": "LineString",
        "coordinates": [
          [-83.375614, 33.938683],
          [-83.375615, 33.938683]
        ]
      },
      "properties": { "from": "1388045594_221", "to": "1388045594_248" }
    },
    {
      "type": "Feature",
      "geometry": {
        "type": "LineString",
        "coordinates": [
          [-83.375623, 33.938683],
          [-83.375615, 33.938683]
        ]
      },
      "properties": { "from": "1388045594_222", "to": "1388045594_248" }
    },
    {
      "type": "Feature",
      "geometry": {
        "type": "LineString",
        "coordinates": [
          [-83.375466, 33.938684],
          [-83.375463, 33.938685]
        ]
      },
      "properties": { "from": "1388045594_223", "to": "1388045594_224" }
    },
    {
      "type": "Feature",
      "geometry": {
        "type": "LineString",
        "coordinates": [
          [-83.375463, 33.938685],
          [-83.375456, 33.938684]
        ]
      },
      "properties": { "from": "1388045594_224", "to": "1388045594_225" }
    },
    {
      "type": "Feature",
      "geometry": {
        "type": "LineString",
        "coordinates": [
          [-83.375456, 33.938684],
          [-83.375453, 33.938685]
        ]
      },
      "properties": { "from": "1388045594_225", "to": "1388045594_226" }
    },
    {
      "type": "Feature",
      "geometry": {
        "type": "LineString",
        "coordinates": [
          [-83.375453, 33.938685],
          [-83.375446, 33.938684]
        ]
      },
      "properties": { "from": "1388045594_226", "to": "1388045594_229" }
    },
    {
      "type": "Feature",
      "geometry": {
        "type": "LineString",
        "coordinates": [
          [-83.375416, 33.938685],
          [-83.375426, 33.938684]
        ]
      },
      "properties": { "from": "1388045594_227", "to": "1388045594_228" }
    },
    {
      "type": "Feature",
      "geometry": {
        "type": "LineString",
        "coordinates": [
          [-83.375416, 33.938685],
          [-83.375413, 33.938686]
        ]
      },
      "properties": { "from": "1388045594_227", "to": "1388045594_234" }
    },
    {
      "type": "Feature",
      "geometry": {
        "type": "LineString",
        "coordinates": [
          [-83.375426, 33.938684],
          [-83.375428, 33.938685]
        ]
      },
      "properties": { "from": "1388045594_228", "to": "1388045594_230" }
    },
    {
      "type": "Feature",
      "geometry": {
        "type": "LineString",
        "coordinates": [
          [-83.375446, 33.938684],
          [-83.375443, 33.938685]
        ]
      },
      "properties": { "from": "1388045594_229", "to": "1388045594_231" }
    },
    {
      "type": "Feature",
      "geometry": {
        "type": "LineString",
        "coordinates": [
          [-83.375428, 33.938685],
          [-83.375433, 33.938686]
        ]
      },
      "properties": { "from": "1388045594_230", "to": "1388045594_233" }
    },
    {
      "type": "Feature",
      "geometry": {
        "type": "LineString",
        "coordinates": [
          [-83.375443, 33.938685],
          [-83.375436, 33.938685]
        ]
      },
      "properties": { "from": "1388045594_231", "to": "1388045594_232" }
    },
    {
      "type": "Feature",
      "geometry": {
        "type": "LineString",
        "coordinates": [
          [-83.375436, 33.938685],
          [-83.375433, 33.938686]
        ]
      },
      "properties": { "from": "1388045594_232", "to": "1388045594_233" }
    },
    {
      "type": "Feature",
      "geometry": {
        "type": "LineString",
        "coordinates": [
          [-83.375413, 33.938686],
          [-83.375406, 33.938687]
        ]
      },
      "properties": { "from": "1388045594_234", "to": "1388045594_235" }
    },
    {
      "type": "Feature",
      "geometry": {
        "type": "LineString",
        "coordinates": [
          [-83.375406, 33.938687],
          [-83.375403, 33.938688]
        ]
      },
      "properties": { "from": "1388045594_235", "to": "1388045594_236" }
    },
    {
      "type": "Feature",
      "geometry": {
        "type": "LineString",
        "coordinates": [
          [-83.375403, 33.938688],
          [-83.375396, 33.938688]
        ]
      },
      "properties": { "from": "1388045594_236", "to": "1388045594_237" }
    },
    {
      "type": "Feature",
      "geometry": {
        "type": "LineString",
        "coordinates": [
          [-83.375396, 33.938688],
          [-83.375394, 33.93869]
        ]
      },
      "properties": { "from": "1388045594_237", "to": "1388045594_238" }
    },
    {
      "type": "Feature",
      "geometry": {
        "type": "LineString",
        "coordinates": [
          [-83.375394, 33.93869],
          [-83.375386, 33.93869]
        ]
      },
      "properties": { "from": "1388045594_238", "to": "1388045594_239" }
    },
    {
      "type": "Feature",
      "geometry": {
        "type": "LineString",
        "coordinates": [
          [-83.375386, 33.93869],
          [-83.375385, 33.938691]
        ]
      },
      "properties": { "from": "1388045594_239", "to": "1388045594_240" }
    },
    {
      "type": "Feature",
      "geometry": {
        "type": "LineString",
        "coordinates": [
          [-83.375385, 33.938691],
          [-83.375378, 33.938692]
        ]
      },
      "properties": { "from": "1388045594_240", "to": "1388045594_241" }
    },
    {
      "type": "Feature",
      "geometry": {
        "type": "LineString",
        "coordinates": [
          [-83.375378, 33.938692],
          [-83.375376, 33.938691]
        ]
      },
      "properties": { "from": "1388045594_241", "to": "1388045594_242" }
    },
    {
      "type": "Feature",
      "geometry": {
        "type": "LineString",
        "coordinates": [
          [-83.375376, 33.938691],
          [-83.375368, 33.938692]
        ]
      },
      "properties": { "from": "1388045594_242", "to": "1388045594_243" }
    },
    {
      "type": "Feature",
      "geometry": {
        "type": "LineString",
        "coordinates": [
          [-83.375368, 33.938692],
          [-83.375366, 33.938692]
        ]
      },
      "properties": { "from": "1388045594_243", "to": "1388045594_244" }
    },
    {
      "type": "Feature",
      "geometry": {
        "type": "LineString",
        "coordinates": [
          [-83.375366, 33.938692],
          [-83.375358, 33.938692]
        ]
      },
      "properties": { "from": "1388045594_244", "to": "1388045594_245" }
    },
    {
      "type": "Feature",
      "geometry": {
        "type": "LineString",
        "coordinates": [
          [-83.375358, 33.938692],
          [-83.375356, 33.938692]
        ]
      },
      "properties": { "from": "1388045594_245", "to": "1388045594_246" }
    },
    {
      "type": "Feature",
      "geometry": {
        "type": "LineString",
        "coordinates": [
          [-83.375505, 33.938683],
          [-83.375503, 33.938683]
        ]
      },
      "properties": { "from": "1388045594_247", "to": "1388045594_249" }
    },
    {
      "type": "Feature",
      "geometry": {
        "type": "LineString",
        "coordinates": [
          [-83.37522, 33.938698],
          [-83.375225, 33.938698]
        ]
      },
      "properties": { "from": "1388045594_250", "to": "1388045594_251" }
    },
    {
      "type": "Feature",
      "geometry": {
        "type": "LineString",
        "coordinates": [
          [-83.374611, 33.938724],
          [-83.374607, 33.938724]
        ]
      },
      "properties": { "from": "1388045594_252", "to": "1388045594_253" }
    },
    {
      "type": "Feature",
      "geometry": {
        "type": "LineString",
        "coordinates": [
          [-83.374607, 33.938724],
          [-83.374606, 33.938732]
        ]
      },
      "properties": { "from": "1388045594_253", "to": "1388045594_254" }
    },
    {
      "type": "Feature",
      "geometry": {
        "type": "LineString",
        "coordinates": [
          [-83.375546, 33.938962],
          [-83.375536, 33.938962]
        ]
      },
      "properties": { "from": "1388045595_0", "to": "1388045595_1" }
    },
    {
      "type": "Feature",
      "geometry": {
        "type": "LineString",
        "coordinates": [
          [-83.375546, 33.938962],
          [-83.375556, 33.938961]
        ]
      },
      "properties": { "from": "1388045595_0", "to": "1388045595_33" }
    },
    {
      "type": "Feature",
      "geometry": {
        "type": "LineString",
        "coordinates": [
          [-83.375536, 33.938962],
          [-83.375526, 33.938963]
        ]
      },
      "properties": { "from": "1388045595_1", "to": "1388045595_2" }
    },
    {
      "type": "Feature",
      "geometry": {
        "type": "LineString",
        "coordinates": [
          [-83.375526, 33.938963],
          [-83.375516, 33.938963]
        ]
      },
      "properties": { "from": "1388045595_2", "to": "1388045595_44" }
    },
    {
      "type": "Feature",
      "geometry": {
        "type": "LineString",
        "coordinates": [
          [-83.375436, 33.938967],
          [-83.375446, 33.938966]
        ]
      },
      "properties": { "from": "1388045595_3", "to": "1388045595_4" }
    },
    {
      "type": "Feature",
      "geometry": {
        "type": "LineString",
        "coordinates": [
          [-83.375436, 33.938967],
          [-83.375426, 33.938967]
        ]
      },
      "properties": { "from": "1388045595_3", "to": "1388045595_5" }
    },
    {
      "type": "Feature",
      "geometry": {
        "type": "LineString",
        "coordinates": [
          [-83.375446, 33.938966],
          [-83.375456, 33.938966]
        ]
      },
      "properties": { "from": "1388045595_4", "to": "1388045595_109" }
    },
    {
      "type": "Feature",
      "geometry": {
        "type": "LineString",
        "coordinates": [
          [-83.375426, 33.938967],
          [-83.375416, 33.938968]
        ]
      },
      "properties": { "from": "1388045595_5", "to": "1388045595_6" }
    },
    {
      "type": "Feature",
      "geometry": {
        "type": "LineString",
        "coordinates": [
          [-83.375416, 33.938968],
          [-83.375406, 33.938968]
        ]
      },
      "properties": { "from": "1388045595_6", "to": "1388045595_11" }
    },
    {
      "type": "Feature",
      "geometry": {
        "type": "LineString",
        "coordinates": [
          [-83.375264, 33.938956],
          [-83.375257, 33.938971]
        ]
      },
      "properties": { "from": "1388045595_7", "to": "1388045595_8" }
    },
    {
      "type": "Feature",
      "geometry": {
        "type": "LineString",
        "coordinates": [
          [-83.375257, 33.938971],
          [-83.375254, 33.93897]
        ]
      },
      "properties": { "from": "1388045595_8", "to": "1388045595_20" }
    },
    {
      "type": "Feature",
      "geometry": {
        "type": "LineString",
        "coordinates": [
          [-83.375257, 33.938971],
          [-83.37527, 33.938972]
        ]
      },
      "properties": { "from": "1388045595_8", "to": "1388045595_22" }
    },
    {
      "type": "Feature",
      "geometry": {
        "type": "LineString",
        "coordinates": [
          [-83.375257, 33.938971],
          [-83.375259, 33.938992]
        ]
      },
      "properties": { "from": "1388045595_8", "to": "1388045595_114" }
    },
    {
      "type": "Feature",
      "geometry": {
        "type": "LineString",
        "coordinates": [
          [-83.375234, 33.938969],
          [-83.375244, 33.938969]
        ]
      },
      "properties": { "from": "1388045595_9", "to": "1388045595_10" }
    },
    {
      "type": "Feature",
      "geometry": {
        "type": "LineString",
        "coordinates": [
          [-83.375234, 33.938969],
          [-83.375232, 33.938969]
        ]
      },
      "properties": { "from": "1388045595_9", "to": "1388045595_16" }
    },
    {
      "type": "Feature",
      "geometry": {
        "type": "LineString",
        "coordinates": [
          [-83.375244, 33.938969],
          [-83.375247, 33.93897]
        ]
      },
      "properties": { "from": "1388045595_10", "to": "1388045595_18" }
    },
    {
      "type": "Feature",
      "geometry": {
        "type": "LineString",
        "coordinates": [
          [-83.375406, 33.938968],
          [-83.375396, 33.938968]
        ]
      },
      "properties": { "from": "1388045595_11", "to": "1388045595_12" }
    },
    {
      "type": "Feature",
      "geometry": {
        "type": "LineString",
        "coordinates": [
          [-83.375396, 33.938968],
          [-83.375386, 33.938969]
        ]
      },
      "properties": { "from": "1388045595_12", "to": "1388045595_13" }
    },
    {
      "type": "Feature",
      "geometry": {
        "type": "LineString",
        "coordinates": [
          [-83.375386, 33.938969],
          [-83.375376, 33.938969]
        ]
      },
      "properties": { "from": "1388045595_13", "to": "1388045595_14" }
    },
    {
      "type": "Feature",
      "geometry": {
        "type": "LineString",
        "coordinates": [
          [-83.375376, 33.938969],
          [-83.375366, 33.93897]
        ]
      },
      "properties": { "from": "1388045595_14", "to": "1388045595_15" }
    },
    {
      "type": "Feature",
      "geometry": {
        "type": "LineString",
        "coordinates": [
          [-83.375366, 33.93897],
          [-83.375356, 33.93897]
        ]
      },
      "properties": { "from": "1388045595_15", "to": "1388045595_115" }
    },
    {
      "type": "Feature",
      "geometry": {
        "type": "LineString",
        "coordinates": [
          [-83.375232, 33.938969],
          [-83.375231, 33.938969]
        ]
      },
      "properties": { "from": "1388045595_16", "to": "1388045595_17" }
    },
    {
      "type": "Feature",
      "geometry": {
        "type": "LineString",
        "coordinates": [
          [-83.375231, 33.938969],
          [-83.375222, 33.938971]
        ]
      },
      "properties": { "from": "1388045595_17", "to": "1388045595_19" }
    },
    {
      "type": "Feature",
      "geometry": {
        "type": "LineString",
        "coordinates": [
          [-83.375247, 33.93897],
          [-83.375254, 33.93897]
        ]
      },
      "properties": { "from": "1388045595_18", "to": "1388045595_20" }
    },
    {
      "type": "Feature",
      "geometry": {
        "type": "LineString",
        "coordinates": [
          [-83.375222, 33.938971],
          [-83.375221, 33.938971]
        ]
      },
      "properties": { "from": "1388045595_19", "to": "1388045595_168" }
    },
    {
      "type": "Feature",
      "geometry": {
        "type": "LineString",
        "coordinates": [
          [-83.375326, 33.938972],
          [-83.375316, 33.938972]
        ]
      },
      "properties": { "from": "1388045595_21", "to": "1388045595_23" }
    },
    {
      "type": "Feature",
      "geometry": {
        "type": "LineString",
        "coordinates": [
          [-83.375326, 33.938972],
          [-83.375336, 33.938971]
        ]
      },
      "properties": { "from": "1388045595_21", "to": "1388045595_117" }
    },
    {
      "type": "Feature",
      "geometry": {
        "type": "LineString",
        "coordinates": [
          [-83.37527, 33.938972],
          [-83.375276, 33.938974]
        ]
      },
      "properties": { "from": "1388045595_22", "to": "1388045595_112" }
    },
    {
      "type": "Feature",
      "geometry": {
        "type": "LineString",
        "coordinates": [
          [-83.375316, 33.938972],
          [-83.375306, 33.938972]
        ]
      },
      "properties": { "from": "1388045595_23", "to": "1388045595_110" }
    },
    {
      "type": "Feature",
      "geometry": {
        "type": "LineString",
        "coordinates": [
          [-83.375775, 33.938947],
          [-83.375765, 33.938956]
        ]
      },
      "properties": { "from": "1388045595_24", "to": "1388045595_25" }
    },
    {
      "type": "Feature",
      "geometry": {
        "type": "LineString",
        "coordinates": [
          [-83.375765, 33.938956],
          [-83.375761, 33.938957]
        ]
      },
      "properties": { "from": "1388045595_25", "to": "1388045595_26" }
    },
    {
      "type": "Feature",
      "geometry": {
        "type": "LineString",
        "coordinates": [
          [-83.375765, 33.938956],
          [-83.375771, 33.938965]
        ]
      },
      "properties": { "from": "1388045595_25", "to": "1388045595_56" }
    },
    {
      "type": "Feature",
      "geometry": {
        "type": "LineString",
        "coordinates": [
          [-83.375761, 33.938957],
          [-83.375755, 33.938956]
        ]
      },
      "properties": { "from": "1388045595_26", "to": "1388045595_27" }
    },
    {
      "type": "Feature",
      "geometry": {
        "type": "LineString",
        "coordinates": [
          [-83.375755, 33.938956],
          [-83.375751, 33.938957]
        ]
      },
      "properties": { "from": "1388045595_27", "to": "1388045595_28" }
    },
    {
      "type": "Feature",
      "geometry": {
        "type": "LineString",
        "coordinates": [
          [-83.375751, 33.938957],
          [-83.375745, 33.938957]
        ]
      },
      "properties": { "from": "1388045595_28", "to": "1388045595_34" }
    },
    {
      "type": "Feature",
      "geometry": {
        "type": "LineString",
        "coordinates": [
          [-83.37566, 33.938961],
          [-83.375656, 33.93896]
        ]
      },
      "properties": { "from": "1388045595_29", "to": "1388045595_30" }
    },
    {
      "type": "Feature",
      "geometry": {
        "type": "LineString",
        "coordinates": [
          [-83.37566, 33.938961],
          [-83.375666, 33.93896]
        ]
      },
      "properties": { "from": "1388045595_29", "to": "1388045595_55" }
    },
    {
      "type": "Feature",
      "geometry": {
        "type": "LineString",
        "coordinates": [
          [-83.375656, 33.93896],
          [-83.375646, 33.938962]
        ]
      },
      "properties": { "from": "1388045595_30", "to": "1388045595_57" }
    },
    {
      "type": "Feature",
      "geometry": {
        "type": "LineString",
        "coordinates": [
          [-83.375574, 33.93896],
          [-83.375566, 33.938961]
        ]
      },
      "properties": { "from": "1388045595_31", "to": "1388045595_32" }
    },
    {
      "type": "Feature",
      "geometry": {
        "type": "LineString",
        "coordinates": [
          [-83.375574, 33.93896],
          [-83.375584, 33.938963]
        ]
      },
      "properties": { "from": "1388045595_31", "to": "1388045595_58" }
    },
    {
      "type": "Feature",
      "geometry": {
        "type": "LineString",
        "coordinates": [
          [-83.375566, 33.938961],
          [-83.375556, 33.938961]
        ]
      },
      "properties": { "from": "1388045595_32", "to": "1388045595_33" }
    },
    {
      "type": "Feature",
      "geometry": {
        "type": "LineString",
        "coordinates": [
          [-83.375745, 33.938957],
          [-83.375741, 33.938958]
        ]
      },
      "properties": { "from": "1388045595_34", "to": "1388045595_35" }
    },
    {
      "type": "Feature",
      "geometry": {
        "type": "LineString",
        "coordinates": [
          [-83.375741, 33.938958],
          [-83.375735, 33.938957]
        ]
      },
      "properties": { "from": "1388045595_35", "to": "1388045595_36" }
    },
    {
      "type": "Feature",
      "geometry": {
        "type": "LineString",
        "coordinates": [
          [-83.375735, 33.938957],
          [-83.375731, 33.938958]
        ]
      },
      "properties": { "from": "1388045595_36", "to": "1388045595_37" }
    },
    {
      "type": "Feature",
      "geometry": {
        "type": "LineString",
        "coordinates": [
          [-83.375731, 33.938958],
          [-83.375725, 33.938957]
        ]
      },
      "properties": { "from": "1388045595_37", "to": "1388045595_38" }
    },
    {
      "type": "Feature",
      "geometry": {
        "type": "LineString",
        "coordinates": [
          [-83.375725, 33.938957],
          [-83.375721, 33.938958]
        ]
      },
      "properties": { "from": "1388045595_38", "to": "1388045595_39" }
    },
    {
      "type": "Feature",
      "geometry": {
        "type": "LineString",
        "coordinates": [
          [-83.375721, 33.938958],
          [-83.375715, 33.938958]
        ]
      },
      "properties": { "from": "1388045595_39", "to": "1388045595_40" }
    },
    {
      "type": "Feature",
      "geometry": {
        "type": "LineString",
        "coordinates": [
          [-83.375715, 33.938958],
          [-83.375711, 33.938959]
        ]
      },
      "properties": { "from": "1388045595_40", "to": "1388045595_41" }
    },
    {
      "type": "Feature",
      "geometry": {
        "type": "LineString",
        "coordinates": [
          [-83.375711, 33.938959],
          [-83.375705, 33.938958]
        ]
      },
      "properties": { "from": "1388045595_41", "to": "1388045595_42" }
    },
    {
      "type": "Feature",
      "geometry": {
        "type": "LineString",
        "coordinates": [
          [-83.375705, 33.938958],
          [-83.375701, 33.938959]
        ]
      },
      "properties": { "from": "1388045595_42", "to": "1388045595_43" }
    },
    {
      "type": "Feature",
      "geometry": {
        "type": "LineString",
        "coordinates": [
          [-83.375701, 33.938959],
          [-83.375695, 33.938958]
        ]
      },
      "properties": { "from": "1388045595_43", "to": "1388045595_49" }
    },
    {
      "type": "Feature",
      "geometry": {
        "type": "LineString",
        "coordinates": [
          [-83.375516, 33.938963],
          [-83.375506, 33.938963]
        ]
      },
      "properties": { "from": "1388045595_44", "to": "1388045595_45" }
    },
    {
      "type": "Feature",
      "geometry": {
        "type": "LineString",
        "coordinates": [
          [-83.375506, 33.938963],
          [-83.375496, 33.938964]
        ]
      },
      "properties": { "from": "1388045595_45", "to": "1388045595_46" }
    },
    {
      "type": "Feature",
      "geometry": {
        "type": "LineString",
        "coordinates": [
          [-83.375496, 33.938964],
          [-83.375486, 33.938964]
        ]
      },
      "properties": { "from": "1388045595_46", "to": "1388045595_47" }
    },
    {
      "type": "Feature",
      "geometry": {
        "type": "LineString",
        "coordinates": [
          [-83.375486, 33.938964],
          [-83.375476, 33.938965]
        ]
      },
      "properties": { "from": "1388045595_47", "to": "1388045595_48" }
    },
    {
      "type": "Feature",
      "geometry": {
        "type": "LineString",
        "coordinates": [
          [-83.375476, 33.938965],
          [-83.375466, 33.938965]
        ]
      },
      "properties": { "from": "1388045595_48", "to": "1388045595_108" }
    },
    {
      "type": "Feature",
      "geometry": {
        "type": "LineString",
        "coordinates": [
          [-83.375695, 33.938958],
          [-83.375691, 33.938959]
        ]
      },
      "properties": { "from": "1388045595_49", "to": "1388045595_50" }
    },
    {
      "type": "Feature",
      "geometry": {
        "type": "LineString",
        "coordinates": [
          [-83.375691, 33.938959],
          [-83.375685, 33.938959]
        ]
      },
      "properties": { "from": "1388045595_50", "to": "1388045595_51" }
    },
    {
      "type": "Feature",
      "geometry": {
        "type": "LineString",
        "coordinates": [
          [-83.375685, 33.938959],
          [-83.37568, 33.93896]
        ]
      },
      "properties": { "from": "1388045595_51", "to": "1388045595_52" }
    },
    {
      "type": "Feature",
      "geometry": {
        "type": "LineString",
        "coordinates": [
          [-83.37568, 33.93896],
          [-83.375676, 33.938959]
        ]
      },
      "properties": { "from": "1388045595_52", "to": "1388045595_53" }
    },
    {
      "type": "Feature",
      "geometry": {
        "type": "LineString",
        "coordinates": [
          [-83.375676, 33.938959],
          [-83.37567, 33.93896]
        ]
      },
      "properties": { "from": "1388045595_53", "to": "1388045595_54" }
    },
    {
      "type": "Feature",
      "geometry": {
        "type": "LineString",
        "coordinates": [
          [-83.37567, 33.93896],
          [-83.375666, 33.93896]
        ]
      },
      "properties": { "from": "1388045595_54", "to": "1388045595_55" }
    },
    {
      "type": "Feature",
      "geometry": {
        "type": "LineString",
        "coordinates": [
          [-83.375646, 33.938962],
          [-83.375635, 33.938969]
        ]
      },
      "properties": { "from": "1388045595_57", "to": "1388045595_59" }
    },
    {
      "type": "Feature",
      "geometry": {
        "type": "LineString",
        "coordinates": [
          [-83.375584, 33.938963],
          [-83.375594, 33.938969]
        ]
      },
      "properties": { "from": "1388045595_58", "to": "1388045595_60" }
    },
    {
      "type": "Feature",
      "geometry": {
        "type": "LineString",
        "coordinates": [
          [-83.375635, 33.938969],
          [-83.375623, 33.938977]
        ]
      },
      "properties": { "from": "1388045595_59", "to": "1388045595_62" }
    },
    {
      "type": "Feature",
      "geometry": {
        "type": "LineString",
        "coordinates": [
          [-83.375594, 33.938969],
          [-83.375603, 33.938977]
        ]
      },
      "properties": { "from": "1388045595_60", "to": "1388045595_61" }
    },
    {
      "type": "Feature",
      "geometry": {
        "type": "LineString",
        "coordinates": [
          [-83.375603, 33.938977],
          [-83.375604, 33.938978]
        ]
      },
      "properties": { "from": "1388045595_61", "to": "1388045595_63" }
    },
    {
      "type": "Feature",
      "geometry": {
        "type": "LineString",
        "coordinates": [
          [-83.375623, 33.938977],
          [-83.375614, 33.938986]
        ]
      },
      "properties": { "from": "1388045595_62", "to": "1388045595_64" }
    },
    {
      "type": "Feature",
      "geometry": {
        "type": "LineString",
        "coordinates": [
          [-83.375604, 33.938978],
          [-83.375612, 33.938986]
        ]
      },
      "properties": { "from": "1388045595_63", "to": "1388045595_65" }
    },
    {
      "type": "Feature",
      "geometry": {
        "type": "LineString",
        "coordinates": [
          [-83.375614, 33.938986],
          [-83.375613, 33.938986]
        ]
      },
      "properties": { "from": "1388045595_64", "to": "1388045595_66" }
    },
    {
      "type": "Feature",
      "geometry": {
        "type": "LineString",
        "coordinates": [
          [-83.375614, 33.938986],
          [-83.375616, 33.938987]
        ]
      },
      "properties": { "from": "1388045595_64", "to": "1388045595_67" }
    },
    {
      "type": "Feature",
      "geometry": {
        "type": "LineString",
        "coordinates": [
          [-83.375612, 33.938986],
          [-83.375613, 33.938986]
        ]
      },
      "properties": { "from": "1388045595_65", "to": "1388045595_66" }
    },
    {
      "type": "Feature",
      "geometry": {
        "type": "LineString",
        "coordinates": [
          [-83.375612, 33.938986],
          [-83.37561, 33.938989]
        ]
      },
      "properties": { "from": "1388045595_65", "to": "1388045595_68" }
    },
    {
      "type": "Feature",
      "geometry": {
        "type": "LineString",
        "coordinates": [
          [-83.375616, 33.938987],
          [-83.37562, 33.938992]
        ]
      },
      "properties": { "from": "1388045595_67", "to": "1388045595_69" }
    },
    {
      "type": "Feature",
      "geometry": {
        "type": "LineString",
        "coordinates": [
          [-83.37561, 33.938989],
          [-83.3756, 33.939]
        ]
      },
      "properties": { "from": "1388045595_68", "to": "1388045595_70" }
    },
    {
      "type": "Feature",
      "geometry": {
        "type": "LineString",
        "coordinates": [
          [-83.37562, 33.938992],
          [-83.37563, 33.939]
        ]
      },
      "properties": { "from": "1388045595_69", "to": "1388045595_71" }
    },
    {
      "type": "Feature",
      "geometry": {
        "type": "LineString",
        "coordinates": [
          [-83.3756, 33.939],
          [-83.375598, 33.939001]
        ]
      },
      "properties": { "from": "1388045595_70", "to": "1388045595_72" }
    },
    {
      "type": "Feature",
      "geometry": {
        "type": "LineString",
        "coordinates": [
          [-83.37563, 33.939],
          [-83.375636, 33.939003]
        ]
      },
      "properties": { "from": "1388045595_71", "to": "1388045595_73" }
    },
    {
      "type": "Feature",
      "geometry": {
        "type": "LineString",
        "coordinates": [
          [-83.375598, 33.939001],
          [-83.375593, 33.939008]
        ]
      },
      "properties": { "from": "1388045595_72", "to": "1388045595_74" }
    },
    {
      "type": "Feature",
      "geometry": {
        "type": "LineString",
        "coordinates": [
          [-83.375636, 33.939003],
          [-83.375641, 33.939007]
        ]
      },
      "properties": { "from": "1388045595_73", "to": "1388045595_75" }
    },
    {
      "type": "Feature",
      "geometry": {
        "type": "LineString",
        "coordinates": [
          [-83.375593, 33.939008],
          [-83.375577, 33.939014]
        ]
      },
      "properties": { "from": "1388045595_74", "to": "1388045595_87" }
    },
    {
      "type": "Feature",
      "geometry": {
        "type": "LineString",
        "coordinates": [
          [-83.375593, 33.939008],
          [-83.375591, 33.939014]
        ]
      },
      "properties": { "from": "1388045595_74", "to": "1388045595_88" }
    },
    {
      "type": "Feature",
      "geometry": {
        "type": "LineString",
        "coordinates": [
          [-83.375641, 33.939007],
          [-83.375651, 33.939011]
        ]
      },
      "properties": { "from": "1388045595_75", "to": "1388045595_86" }
    },
    {
      "type": "Feature",
      "geometry": {
        "type": "LineString",
        "coordinates": [
          [-83.375682, 33.939002],
          [-83.375676, 33.93901]
        ]
      },
      "properties": { "from": "1388045595_76", "to": "1388045595_77" }
    },
    {
      "type": "Feature",
      "geometry": {
        "type": "LineString",
        "coordinates": [
          [-83.375676, 33.93901],
          [-83.375672, 33.93901]
        ]
      },
      "properties": { "from": "1388045595_77", "to": "1388045595_78" }
    },
    {
      "type": "Feature",
      "geometry": {
        "type": "LineString",
        "coordinates": [
          [-83.375676, 33.93901],
          [-83.375677, 33.939011]
        ]
      },
      "properties": { "from": "1388045595_77", "to": "1388045595_96" }
    },
    {
      "type": "Feature",
      "geometry": {
        "type": "LineString",
        "coordinates": [
          [-83.375672, 33.93901],
          [-83.375671, 33.939011]
        ]
      },
      "properties": { "from": "1388045595_78", "to": "1388045595_94" }
    },
    {
      "type": "Feature",
      "geometry": {
        "type": "LineString",
        "coordinates": [
          [-83.375546, 33.939016],
          [-83.375549, 33.939014]
        ]
      },
      "properties": { "from": "1388045595_79", "to": "1388045595_80" }
    },
    {
      "type": "Feature",
      "geometry": {
        "type": "LineString",
        "coordinates": [
          [-83.375546, 33.939016],
          [-83.375539, 33.939015]
        ]
      },
      "properties": { "from": "1388045595_79", "to": "1388045595_81" }
    },
    {
      "type": "Feature",
      "geometry": {
        "type": "LineString",
        "coordinates": [
          [-83.375549, 33.939014],
          [-83.375556, 33.939015]
        ]
      },
      "properties": { "from": "1388045595_80", "to": "1388045595_93" }
    },
    {
      "type": "Feature",
      "geometry": {
        "type": "LineString",
        "coordinates": [
          [-83.375539, 33.939015],
          [-83.375536, 33.939016]
        ]
      },
      "properties": { "from": "1388045595_81", "to": "1388045595_82" }
    },
    {
      "type": "Feature",
      "geometry": {
        "type": "LineString",
        "coordinates": [
          [-83.375536, 33.939016],
          [-83.375529, 33.939015]
        ]
      },
      "properties": { "from": "1388045595_82", "to": "1388045595_83" }
    },
    {
      "type": "Feature",
      "geometry": {
        "type": "LineString",
        "coordinates": [
          [-83.375529, 33.939015],
          [-83.375526, 33.939016]
        ]
      },
      "properties": { "from": "1388045595_83", "to": "1388045595_84" }
    },
    {
      "type": "Feature",
      "geometry": {
        "type": "LineString",
        "coordinates": [
          [-83.375526, 33.939016],
          [-83.375519, 33.939015]
        ]
      },
      "properties": { "from": "1388045595_84", "to": "1388045595_85" }
    },
    {
      "type": "Feature",
      "geometry": {
        "type": "LineString",
        "coordinates": [
          [-83.375519, 33.939015],
          [-83.375516, 33.939017]
        ]
      },
      "properties": { "from": "1388045595_85", "to": "1388045595_98" }
    },
    {
      "type": "Feature",
      "geometry": {
        "type": "LineString",
        "coordinates": [
          [-83.375651, 33.939011],
          [-83.375661, 33.939011]
        ]
      },
      "properties": { "from": "1388045595_86", "to": "1388045595_89" }
    },
    {
      "type": "Feature",
      "geometry": {
        "type": "LineString",
        "coordinates": [
          [-83.375577, 33.939014],
          [-83.375569, 33.939013]
        ]
      },
      "properties": { "from": "1388045595_87", "to": "1388045595_90" }
    },
    {
      "type": "Feature",
      "geometry": {
        "type": "LineString",
        "coordinates": [
          [-83.375661, 33.939011],
          [-83.375662, 33.939011]
        ]
      },
      "properties": { "from": "1388045595_89", "to": "1388045595_95" }
    },
    {
      "type": "Feature",
      "geometry": {
        "type": "LineString",
        "coordinates": [
          [-83.375569, 33.939013],
          [-83.375566, 33.939015]
        ]
      },
      "properties": { "from": "1388045595_90", "to": "1388045595_91" }
    },
    {
      "type": "Feature",
      "geometry": {
        "type": "LineString",
        "coordinates": [
          [-83.375566, 33.939015],
          [-83.375559, 33.939014]
        ]
      },
      "properties": { "from": "1388045595_91", "to": "1388045595_92" }
    },
    {
      "type": "Feature",
      "geometry": {
        "type": "LineString",
        "coordinates": [
          [-83.375559, 33.939014],
          [-83.375556, 33.939015]
        ]
      },
      "properties": { "from": "1388045595_92", "to": "1388045595_93" }
    },
    {
      "type": "Feature",
      "geometry": {
        "type": "LineString",
        "coordinates": [
          [-83.375671, 33.939011],
          [-83.375662, 33.939011]
        ]
      },
      "properties": { "from": "1388045595_94", "to": "1388045595_95" }
    },
    {
      "type": "Feature",
      "geometry": {
        "type": "LineString",
        "coordinates": [
          [-83.375677, 33.939011],
          [-83.375681, 33.939017]
        ]
      },
      "properties": { "from": "1388045595_96", "to": "1388045595_97" }
    },
    {
      "type": "Feature",
      "geometry": {
        "type": "LineString",
        "coordinates": [
          [-83.375516, 33.939017],
          [-83.375509, 33.939016]
        ]
      },
      "properties": { "from": "1388045595_98", "to": "1388045595_99" }
    },
    {
      "type": "Feature",
      "geometry": {
        "type": "LineString",
        "coordinates": [
          [-83.375509, 33.939016],
          [-83.375506, 33.939017]
        ]
      },
      "properties": { "from": "1388045595_99", "to": "1388045595_100" }
    },
    {
      "type": "Feature",
      "geometry": {
        "type": "LineString",
        "coordinates": [
          [-83.375506, 33.939017],
          [-83.375499, 33.939016]
        ]
      },
      "properties": { "from": "1388045595_100", "to": "1388045595_101" }
    },
    {
      "type": "Feature",
      "geometry": {
        "type": "LineString",
        "coordinates": [
          [-83.375499, 33.939016],
          [-83.375496, 33.939018]
        ]
      },
      "properties": { "from": "1388045595_101", "to": "1388045595_102" }
    },
    {
      "type": "Feature",
      "geometry": {
        "type": "LineString",
        "coordinates": [
          [-83.375496, 33.939018],
          [-83.375489, 33.939017]
        ]
      },
      "properties": { "from": "1388045595_102", "to": "1388045595_103" }
    },
    {
      "type": "Feature",
      "geometry": {
        "type": "LineString",
        "coordinates": [
          [-83.375489, 33.939017],
          [-83.375486, 33.939018]
        ]
      },
      "properties": { "from": "1388045595_103", "to": "1388045595_106" }
    },
    {
      "type": "Feature",
      "geometry": {
        "type": "LineString",
        "coordinates": [
          [-83.375478, 33.939018],
          [-83.375479, 33.939017]
        ]
      },
      "properties": { "from": "1388045595_104", "to": "1388045595_105" }
    },
    {
      "type": "Feature",
      "geometry": {
        "type": "LineString",
        "coordinates": [
          [-83.375478, 33.939018],
          [-83.375476, 33.939021]
        ]
      },
      "properties": { "from": "1388045595_104", "to": "1388045595_107" }
    },
    {
      "type": "Feature",
      "geometry": {
        "type": "LineString",
        "coordinates": [
          [-83.375479, 33.939017],
          [-83.375486, 33.939018]
        ]
      },
      "properties": { "from": "1388045595_105", "to": "1388045595_106" }
    },
    {
      "type": "Feature",
      "geometry": {
        "type": "LineString",
        "coordinates": [
          [-83.375466, 33.938965],
          [-83.375456, 33.938966]
        ]
      },
      "properties": { "from": "1388045595_108", "to": "1388045595_109" }
    },
    {
      "type": "Feature",
      "geometry": {
        "type": "LineString",
        "coordinates": [
          [-83.375306, 33.938972],
          [-83.375296, 33.938973]
        ]
      },
      "properties": { "from": "1388045595_110", "to": "1388045595_111" }
    },
    {
      "type": "Feature",
      "geometry": {
        "type": "LineString",
        "coordinates": [
          [-83.375296, 33.938973],
          [-83.375286, 33.938973]
        ]
      },
      "properties": { "from": "1388045595_111", "to": "1388045595_113" }
    },
    {
      "type": "Feature",
      "geometry": {
        "type": "LineString",
        "coordinates": [
          [-83.375276, 33.938974],
          [-83.375286, 33.938973]
        ]
      },
      "properties": { "from": "1388045595_112", "to": "1388045595_113" }
    },
    {
      "type": "Feature",
      "geometry": {
        "type": "LineString",
        "coordinates": [
          [-83.375259, 33.938992],
          [-83.375258, 33.938997]
        ]
      },
      "properties": { "from": "1388045595_114", "to": "1388045595_118" }
    },
    {
      "type": "Feature",
      "geometry": {
        "type": "LineString",
        "coordinates": [
          [-83.375356, 33.93897],
          [-83.375346, 33.938971]
        ]
      },
      "properties": { "from": "1388045595_115", "to": "1388045595_116" }
    },
    {
      "type": "Feature",
      "geometry": {
        "type": "LineString",
        "coordinates": [
          [-83.375346, 33.938971],
          [-83.375336, 33.938971]
        ]
      },
      "properties": { "from": "1388045595_116", "to": "1388045595_117" }
    },
    {
      "type": "Feature",
      "geometry": {
        "type": "LineString",
        "coordinates": [
          [-83.375258, 33.938997],
          [-83.375259, 33.939004]
        ]
      },
      "properties": { "from": "1388045595_118", "to": "1388045595_119" }
    },
    {
      "type": "Feature",
      "geometry": {
        "type": "LineString",
        "coordinates": [
          [-83.375259, 33.939004],
          [-83.375258, 33.939007]
        ]
      },
      "properties": { "from": "1388045595_119", "to": "1388045595_120" }
    },
    {
      "type": "Feature",
      "geometry": {
        "type": "LineString",
        "coordinates": [
          [-83.375258, 33.939007],
          [-83.37526, 33.939014]
        ]
      },
      "properties": { "from": "1388045595_120", "to": "1388045595_121" }
    },
    {
      "type": "Feature",
      "geometry": {
        "type": "LineString",
        "coordinates": [
          [-83.37526, 33.939014],
          [-83.375259, 33.939017]
        ]
      },
      "properties": { "from": "1388045595_121", "to": "1388045595_122" }
    },
    {
      "type": "Feature",
      "geometry": {
        "type": "LineString",
        "coordinates": [
          [-83.375259, 33.939017],
          [-83.37526, 33.939024]
        ]
      },
      "properties": { "from": "1388045595_122", "to": "1388045595_123" }
    },
    {
      "type": "Feature",
      "geometry": {
        "type": "LineString",
        "coordinates": [
          [-83.37526, 33.939024],
          [-83.375259, 33.939027]
        ]
      },
      "properties": { "from": "1388045595_123", "to": "1388045595_124" }
    },
    {
      "type": "Feature",
      "geometry": {
        "type": "LineString",
        "coordinates": [
          [-83.375259, 33.939027],
          [-83.375261, 33.939034]
        ]
      },
      "properties": { "from": "1388045595_124", "to": "1388045595_125" }
    },
    {
      "type": "Feature",
      "geometry": {
        "type": "LineString",
        "coordinates": [
          [-83.375261, 33.939034],
          [-83.37526, 33.939037]
        ]
      },
      "properties": { "from": "1388045595_125", "to": "1388045595_126" }
    },
    {
      "type": "Feature",
      "geometry": {
        "type": "LineString",
        "coordinates": [
          [-83.37526, 33.939037],
          [-83.375261, 33.939044]
        ]
      },
      "properties": { "from": "1388045595_126", "to": "1388045595_127" }
    },
    {
      "type": "Feature",
      "geometry": {
        "type": "LineString",
        "coordinates": [
          [-83.375261, 33.939044],
          [-83.37526, 33.939047]
        ]
      },
      "properties": { "from": "1388045595_127", "to": "1388045595_128" }
    },
    {
      "type": "Feature",
      "geometry": {
        "type": "LineString",
        "coordinates": [
          [-83.37526, 33.939047],
          [-83.375262, 33.939054]
        ]
      },
      "properties": { "from": "1388045595_128", "to": "1388045595_129" }
    },
    {
      "type": "Feature",
      "geometry": {
        "type": "LineString",
        "coordinates": [
          [-83.375262, 33.939054],
          [-83.375261, 33.939057]
        ]
      },
      "properties": { "from": "1388045595_129", "to": "1388045595_130" }
    },
    {
      "type": "Feature",
      "geometry": {
        "type": "LineString",
        "coordinates": [
          [-83.375261, 33.939057],
          [-83.375262, 33.939064]
        ]
      },
      "properties": { "from": "1388045595_130", "to": "1388045595_131" }
    },
    {
      "type": "Feature",
      "geometry": {
        "type": "LineString",
        "coordinates": [
          [-83.375262, 33.939064],
          [-83.37526, 33.939067]
        ]
      },
      "properties": { "from": "1388045595_131", "to": "1388045595_132" }
    },
    {
      "type": "Feature",
      "geometry": {
        "type": "LineString",
        "coordinates": [
          [-83.375262, 33.939064],
          [-83.375269, 33.939072]
        ]
      },
      "properties": { "from": "1388045595_131", "to": "1388045595_134" }
    },
    {
      "type": "Feature",
      "geometry": {
        "type": "LineString",
        "coordinates": [
          [-83.37526, 33.939067],
          [-83.375259, 33.93907]
        ]
      },
      "properties": { "from": "1388045595_132", "to": "1388045595_133" }
    },
    {
      "type": "Feature",
      "geometry": {
        "type": "LineString",
        "coordinates": [
          [-83.374812, 33.938992],
          [-83.374811, 33.938992]
        ]
      },
      "properties": { "from": "1388045595_135", "to": "1388045595_136" }
    },
    {
      "type": "Feature",
      "geometry": {
        "type": "LineString",
        "coordinates": [
          [-83.374812, 33.938992],
          [-83.374821, 33.938991]
        ]
      },
      "properties": { "from": "1388045595_135", "to": "1388045595_235" }
    },
    {
      "type": "Feature",
      "geometry": {
        "type": "LineString",
        "coordinates": [
          [-83.374811, 33.938992],
          [-83.374802, 33.938992]
        ]
      },
      "properties": { "from": "1388045595_136", "to": "1388045595_137" }
    },
    {
      "type": "Feature",
      "geometry": {
        "type": "LineString",
        "coordinates": [
          [-83.374802, 33.938992],
          [-83.374801, 33.938992]
        ]
      },
      "properties": { "from": "1388045595_137", "to": "1388045595_138" }
    },
    {
      "type": "Feature",
      "geometry": {
        "type": "LineString",
        "coordinates": [
          [-83.374801, 33.938992],
          [-83.374792, 33.938993]
        ]
      },
      "properties": { "from": "1388045595_138", "to": "1388045595_139" }
    },
    {
      "type": "Feature",
      "geometry": {
        "type": "LineString",
        "coordinates": [
          [-83.374792, 33.938993],
          [-83.374791, 33.938992]
        ]
      },
      "properties": { "from": "1388045595_139", "to": "1388045595_250" }
    },
    {
      "type": "Feature",
      "geometry": {
        "type": "LineString",
        "coordinates": [
          [-83.374859, 33.938965],
          [-83.374864, 33.938962]
        ]
      },
      "properties": { "from": "1388045595_140", "to": "1388045595_141" }
    },
    {
      "type": "Feature",
      "geometry": {
        "type": "LineString",
        "coordinates": [
          [-83.374859, 33.938965],
          [-83.374858, 33.938965]
        ]
      },
      "properties": { "from": "1388045595_140", "to": "1388045595_145" }
    },
    {
      "type": "Feature",
      "geometry": {
        "type": "LineString",
        "coordinates": [
          [-83.374859, 33.938965],
          [-83.37486, 33.938972]
        ]
      },
      "properties": { "from": "1388045595_140", "to": "1388045595_147" }
    },
    {
      "type": "Feature",
      "geometry": {
        "type": "LineString",
        "coordinates": [
          [-83.374586, 33.938966],
          [-83.374593, 33.938971]
        ]
      },
      "properties": { "from": "1388045595_142", "to": "1388045595_143" }
    },
    {
      "type": "Feature",
      "geometry": {
        "type": "LineString",
        "coordinates": [
          [-83.374593, 33.938971],
          [-83.374596, 33.938976]
        ]
      },
      "properties": { "from": "1388045595_143", "to": "1388045595_144" }
    },
    {
      "type": "Feature",
      "geometry": {
        "type": "LineString",
        "coordinates": [
          [-83.374596, 33.938976],
          [-83.374602, 33.938981]
        ]
      },
      "properties": { "from": "1388045595_144", "to": "1388045595_148" }
    },
    {
      "type": "Feature",
      "geometry": {
        "type": "LineString",
        "coordinates": [
          [-83.374858, 33.938965],
          [-83.374856, 33.938964]
        ]
      },
      "properties": { "from": "1388045595_145", "to": "1388045595_146" }
    },
    {
      "type": "Feature",
      "geometry": {
        "type": "LineString",
        "coordinates": [
          [-83.37486, 33.938972],
          [-83.374858, 33.938976]
        ]
      },
      "properties": { "from": "1388045595_147", "to": "1388045595_174" }
    },
    {
      "type": "Feature",
      "geometry": {
        "type": "LineString",
        "coordinates": [
          [-83.374602, 33.938981],
          [-83.374604, 33.938985]
        ]
      },
      "properties": { "from": "1388045595_148", "to": "1388045595_149" }
    },
    {
      "type": "Feature",
      "geometry": {
        "type": "LineString",
        "coordinates": [
          [-83.374604, 33.938985],
          [-83.374608, 33.938989]
        ]
      },
      "properties": { "from": "1388045595_149", "to": "1388045595_150" }
    },
    {
      "type": "Feature",
      "geometry": {
        "type": "LineString",
        "coordinates": [
          [-83.374608, 33.938989],
          [-83.374609, 33.938989]
        ]
      },
      "properties": { "from": "1388045595_150", "to": "1388045595_151" }
    },
    {
      "type": "Feature",
      "geometry": {
        "type": "LineString",
        "coordinates": [
          [-83.374608, 33.938989],
          [-83.374602, 33.938995]
        ]
      },
      "properties": { "from": "1388045595_150", "to": "1388045595_245" }
    },
    {
      "type": "Feature",
      "geometry": {
        "type": "LineString",
        "coordinates": [
          [-83.374609, 33.938989],
          [-83.374612, 33.93899]
        ]
      },
      "properties": { "from": "1388045595_151", "to": "1388045595_152" }
    },
    {
      "type": "Feature",
      "geometry": {
        "type": "LineString",
        "coordinates": [
          [-83.374612, 33.93899],
          [-83.374614, 33.93899]
        ]
      },
      "properties": { "from": "1388045595_152", "to": "1388045595_153" }
    },
    {
      "type": "Feature",
      "geometry": {
        "type": "LineString",
        "coordinates": [
          [-83.374614, 33.93899],
          [-83.374622, 33.938991]
        ]
      },
      "properties": { "from": "1388045595_153", "to": "1388045595_154" }
    },
    {
      "type": "Feature",
      "geometry": {
        "type": "LineString",
        "coordinates": [
          [-83.374622, 33.938991],
          [-83.374625, 33.938992]
        ]
      },
      "properties": { "from": "1388045595_154", "to": "1388045595_244" }
    },
    {
      "type": "Feature",
      "geometry": {
        "type": "LineString",
        "coordinates": [
          [-83.374523, 33.938988],
          [-83.37453, 33.938993]
        ]
      },
      "properties": { "from": "1388045595_155", "to": "1388045595_156" }
    },
    {
      "type": "Feature",
      "geometry": {
        "type": "LineString",
        "coordinates": [
          [-83.37453, 33.938993],
          [-83.37453, 33.938992]
        ]
      },
      "properties": { "from": "1388045595_156", "to": "1388045595_158" }
    },
    {
      "type": "Feature",
      "geometry": {
        "type": "LineString",
        "coordinates": [
          [-83.37453, 33.938993],
          [-83.374529, 33.938998]
        ]
      },
      "properties": { "from": "1388045595_156", "to": "1388045595_270" }
    },
    {
      "type": "Feature",
      "geometry": {
        "type": "LineString",
        "coordinates": [
          [-83.374531, 33.938991],
          [-83.37453, 33.938992]
        ]
      },
      "properties": { "from": "1388045595_157", "to": "1388045595_158" }
    },
    {
      "type": "Feature",
      "geometry": {
        "type": "LineString",
        "coordinates": [
          [-83.375067, 33.938979],
          [-83.375062, 33.93898]
        ]
      },
      "properties": { "from": "1388045595_159", "to": "1388045595_160" }
    },
    {
      "type": "Feature",
      "geometry": {
        "type": "LineString",
        "coordinates": [
          [-83.375067, 33.938979],
          [-83.375077, 33.93898]
        ]
      },
      "properties": { "from": "1388045595_159", "to": "1388045595_162" }
    },
    {
      "type": "Feature",
      "geometry": {
        "type": "LineString",
        "coordinates": [
          [-83.375062, 33.93898],
          [-83.375057, 33.938979]
        ]
      },
      "properties": { "from": "1388045595_160", "to": "1388045595_161" }
    },
    {
      "type": "Feature",
      "geometry": {
        "type": "LineString",
        "coordinates": [
          [-83.375057, 33.938979],
          [-83.375052, 33.93898]
        ]
      },
      "properties": { "from": "1388045595_161", "to": "1388045595_163" }
    },
    {
      "type": "Feature",
      "geometry": {
        "type": "LineString",
        "coordinates": [
          [-83.375077, 33.93898],
          [-83.375087, 33.938985]
        ]
      },
      "properties": { "from": "1388045595_162", "to": "1388045595_209" }
    },
    {
      "type": "Feature",
      "geometry": {
        "type": "LineString",
        "coordinates": [
          [-83.375052, 33.93898],
          [-83.375047, 33.938979]
        ]
      },
      "properties": { "from": "1388045595_163", "to": "1388045595_164" }
    },
    {
      "type": "Feature",
      "geometry": {
        "type": "LineString",
        "coordinates": [
          [-83.375047, 33.938979],
          [-83.375042, 33.93898]
        ]
      },
      "properties": { "from": "1388045595_164", "to": "1388045595_165" }
    },
    {
      "type": "Feature",
      "geometry": {
        "type": "LineString",
        "coordinates": [
          [-83.375042, 33.93898],
          [-83.375037, 33.93898]
        ]
      },
      "properties": { "from": "1388045595_165", "to": "1388045595_166" }
    },
    {
      "type": "Feature",
      "geometry": {
        "type": "LineString",
        "coordinates": [
          [-83.375037, 33.93898],
          [-83.375032, 33.938981]
        ]
      },
      "properties": { "from": "1388045595_166", "to": "1388045595_167" }
    },
    {
      "type": "Feature",
      "geometry": {
        "type": "LineString",
        "coordinates": [
          [-83.375032, 33.938981],
          [-83.375027, 33.93898]
        ]
      },
      "properties": { "from": "1388045595_167", "to": "1388045595_190" }
    },
    {
      "type": "Feature",
      "geometry": {
        "type": "LineString",
        "coordinates": [
          [-83.375221, 33.938971],
          [-83.375213, 33.938972]
        ]
      },
      "properties": { "from": "1388045595_168", "to": "1388045595_169" }
    },
    {
      "type": "Feature",
      "geometry": {
        "type": "LineString",
        "coordinates": [
          [-83.375213, 33.938972],
          [-83.375211, 33.938972]
        ]
      },
      "properties": { "from": "1388045595_169", "to": "1388045595_170" }
    },
    {
      "type": "Feature",
      "geometry": {
        "type": "LineString",
        "coordinates": [
          [-83.375211, 33.938972],
          [-83.375203, 33.938974]
        ]
      },
      "properties": { "from": "1388045595_170", "to": "1388045595_171" }
    },
    {
      "type": "Feature",
      "geometry": {
        "type": "LineString",
        "coordinates": [
          [-83.375203, 33.938974],
          [-83.375201, 33.938974]
        ]
      },
      "properties": { "from": "1388045595_171", "to": "1388045595_172" }
    },
    {
      "type": "Feature",
      "geometry": {
        "type": "LineString",
        "coordinates": [
          [-83.375201, 33.938974],
          [-83.375193, 33.938976]
        ]
      },
      "properties": { "from": "1388045595_172", "to": "1388045595_173" }
    },
    {
      "type": "Feature",
      "geometry": {
        "type": "LineString",
        "coordinates": [
          [-83.375193, 33.938976],
          [-83.375189, 33.938975]
        ]
      },
      "properties": { "from": "1388045595_173", "to": "1388045595_180" }
    },
    {
      "type": "Feature",
      "geometry": {
        "type": "LineString",
        "coordinates": [
          [-83.374858, 33.938976],
          [-83.374858, 33.938987]
        ]
      },
      "properties": { "from": "1388045595_174", "to": "1388045595_177" }
    },
    {
      "type": "Feature",
      "geometry": {
        "type": "LineString",
        "coordinates": [
          [-83.374911, 33.938984],
          [-83.374907, 33.938977]
        ]
      },
      "properties": { "from": "1388045595_175", "to": "1388045595_176" }
    },
    {
      "type": "Feature",
      "geometry": {
        "type": "LineString",
        "coordinates": [
          [-83.374911, 33.938984],
          [-83.374912, 33.938984]
        ]
      },
      "properties": { "from": "1388045595_175", "to": "1388045595_214" }
    },
    {
      "type": "Feature",
      "geometry": {
        "type": "LineString",
        "coordinates": [
          [-83.374911, 33.938984],
          [-83.374902, 33.938988]
        ]
      },
      "properties": { "from": "1388045595_175", "to": "1388045595_215" }
    },
    {
      "type": "Feature",
      "geometry": {
        "type": "LineString",
        "coordinates": [
          [-83.374858, 33.938987],
          [-83.374862, 33.938989]
        ]
      },
      "properties": { "from": "1388045595_177", "to": "1388045595_217" }
    },
    {
      "type": "Feature",
      "geometry": {
        "type": "LineString",
        "coordinates": [
          [-83.374858, 33.938987],
          [-83.374852, 33.93899]
        ]
      },
      "properties": { "from": "1388045595_177", "to": "1388045595_236" }
    },
    {
      "type": "Feature",
      "geometry": {
        "type": "LineString",
        "coordinates": [
          [-83.374937, 33.938983],
          [-83.374942, 33.938984]
        ]
      },
      "properties": { "from": "1388045595_178", "to": "1388045595_179" }
    },
    {
      "type": "Feature",
      "geometry": {
        "type": "LineString",
        "coordinates": [
          [-83.374937, 33.938983],
          [-83.374932, 33.938984]
        ]
      },
      "properties": { "from": "1388045595_178", "to": "1388045595_210" }
    },
    {
      "type": "Feature",
      "geometry": {
        "type": "LineString",
        "coordinates": [
          [-83.374942, 33.938984],
          [-83.374947, 33.938983]
        ]
      },
      "properties": { "from": "1388045595_179", "to": "1388045595_225" }
    },
    {
      "type": "Feature",
      "geometry": {
        "type": "LineString",
        "coordinates": [
          [-83.375189, 33.938975],
          [-83.375183, 33.938977]
        ]
      },
      "properties": { "from": "1388045595_180", "to": "1388045595_181" }
    },
    {
      "type": "Feature",
      "geometry": {
        "type": "LineString",
        "coordinates": [
          [-83.375183, 33.938977],
          [-83.375177, 33.938976]
        ]
      },
      "properties": { "from": "1388045595_181", "to": "1388045595_182" }
    },
    {
      "type": "Feature",
      "geometry": {
        "type": "LineString",
        "coordinates": [
          [-83.375177, 33.938976],
          [-83.375173, 33.938977]
        ]
      },
      "properties": { "from": "1388045595_182", "to": "1388045595_183" }
    },
    {
      "type": "Feature",
      "geometry": {
        "type": "LineString",
        "coordinates": [
          [-83.375173, 33.938977],
          [-83.375167, 33.938976]
        ]
      },
      "properties": { "from": "1388045595_183", "to": "1388045595_184" }
    },
    {
      "type": "Feature",
      "geometry": {
        "type": "LineString",
        "coordinates": [
          [-83.375167, 33.938976],
          [-83.375163, 33.938977]
        ]
      },
      "properties": { "from": "1388045595_184", "to": "1388045595_185" }
    },
    {
      "type": "Feature",
      "geometry": {
        "type": "LineString",
        "coordinates": [
          [-83.375163, 33.938977],
          [-83.375157, 33.938977]
        ]
      },
      "properties": { "from": "1388045595_185", "to": "1388045595_186" }
    },
    {
      "type": "Feature",
      "geometry": {
        "type": "LineString",
        "coordinates": [
          [-83.375157, 33.938977],
          [-83.375153, 33.938978]
        ]
      },
      "properties": { "from": "1388045595_186", "to": "1388045595_187" }
    },
    {
      "type": "Feature",
      "geometry": {
        "type": "LineString",
        "coordinates": [
          [-83.375153, 33.938978],
          [-83.375147, 33.938977]
        ]
      },
      "properties": { "from": "1388045595_187", "to": "1388045595_188" }
    },
    {
      "type": "Feature",
      "geometry": {
        "type": "LineString",
        "coordinates": [
          [-83.375147, 33.938977],
          [-83.375143, 33.938978]
        ]
      },
      "properties": { "from": "1388045595_188", "to": "1388045595_189" }
    },
    {
      "type": "Feature",
      "geometry": {
        "type": "LineString",
        "coordinates": [
          [-83.375143, 33.938978],
          [-83.375137, 33.938977]
        ]
      },
      "properties": { "from": "1388045595_189", "to": "1388045595_200" }
    },
    {
      "type": "Feature",
      "geometry": {
        "type": "LineString",
        "coordinates": [
          [-83.375027, 33.93898],
          [-83.375022, 33.938981]
        ]
      },
      "properties": { "from": "1388045595_190", "to": "1388045595_191" }
    },
    {
      "type": "Feature",
      "geometry": {
        "type": "LineString",
        "coordinates": [
          [-83.375022, 33.938981],
          [-83.375017, 33.93898]
        ]
      },
      "properties": { "from": "1388045595_191", "to": "1388045595_192" }
    },
    {
      "type": "Feature",
      "geometry": {
        "type": "LineString",
        "coordinates": [
          [-83.375017, 33.93898],
          [-83.375012, 33.938981]
        ]
      },
      "properties": { "from": "1388045595_192", "to": "1388045595_193" }
    },
    {
      "type": "Feature",
      "geometry": {
        "type": "LineString",
        "coordinates": [
          [-83.375012, 33.938981],
          [-83.375007, 33.938981]
        ]
      },
      "properties": { "from": "1388045595_193", "to": "1388045595_194" }
    },
    {
      "type": "Feature",
      "geometry": {
        "type": "LineString",
        "coordinates": [
          [-83.375007, 33.938981],
          [-83.375002, 33.938982]
        ]
      },
      "properties": { "from": "1388045595_194", "to": "1388045595_195" }
    },
    {
      "type": "Feature",
      "geometry": {
        "type": "LineString",
        "coordinates": [
          [-83.375002, 33.938982],
          [-83.374997, 33.938981]
        ]
      },
      "properties": { "from": "1388045595_195", "to": "1388045595_196" }
    },
    {
      "type": "Feature",
      "geometry": {
        "type": "LineString",
        "coordinates": [
          [-83.374997, 33.938981],
          [-83.374992, 33.938982]
        ]
      },
      "properties": { "from": "1388045595_196", "to": "1388045595_197" }
    },
    {
      "type": "Feature",
      "geometry": {
        "type": "LineString",
        "coordinates": [
          [-83.374992, 33.938982],
          [-83.374987, 33.938981]
        ]
      },
      "properties": { "from": "1388045595_197", "to": "1388045595_198" }
    },
    {
      "type": "Feature",
      "geometry": {
        "type": "LineString",
        "coordinates": [
          [-83.374987, 33.938981],
          [-83.374982, 33.938982]
        ]
      },
      "properties": { "from": "1388045595_198", "to": "1388045595_199" }
    },
    {
      "type": "Feature",
      "geometry": {
        "type": "LineString",
        "coordinates": [
          [-83.374982, 33.938982],
          [-83.374977, 33.938982]
        ]
      },
      "properties": { "from": "1388045595_199", "to": "1388045595_219" }
    },
    {
      "type": "Feature",
      "geometry": {
        "type": "LineString",
        "coordinates": [
          [-83.375137, 33.938977],
          [-83.375133, 33.938978]
        ]
      },
      "properties": { "from": "1388045595_200", "to": "1388045595_201" }
    },
    {
      "type": "Feature",
      "geometry": {
        "type": "LineString",
        "coordinates": [
          [-83.375133, 33.938978],
          [-83.375127, 33.938978]
        ]
      },
      "properties": { "from": "1388045595_201", "to": "1388045595_202" }
    },
    {
      "type": "Feature",
      "geometry": {
        "type": "LineString",
        "coordinates": [
          [-83.375127, 33.938978],
          [-83.375123, 33.938979]
        ]
      },
      "properties": { "from": "1388045595_202", "to": "1388045595_203" }
    },
    {
      "type": "Feature",
      "geometry": {
        "type": "LineString",
        "coordinates": [
          [-83.375123, 33.938979],
          [-83.375117, 33.938978]
        ]
      },
      "properties": { "from": "1388045595_203", "to": "1388045595_204" }
    },
    {
      "type": "Feature",
      "geometry": {
        "type": "LineString",
        "coordinates": [
          [-83.375117, 33.938978],
          [-83.375108, 33.93898]
        ]
      },
      "properties": { "from": "1388045595_204", "to": "1388045595_205" }
    },
    {
      "type": "Feature",
      "geometry": {
        "type": "LineString",
        "coordinates": [
          [-83.375108, 33.93898],
          [-83.375107, 33.93898]
        ]
      },
      "properties": { "from": "1388045595_205", "to": "1388045595_206" }
    },
    {
      "type": "Feature",
      "geometry": {
        "type": "LineString",
        "coordinates": [
          [-83.375107, 33.93898],
          [-83.375097, 33.938983]
        ]
      },
      "properties": { "from": "1388045595_206", "to": "1388045595_207" }
    },
    {
      "type": "Feature",
      "geometry": {
        "type": "LineString",
        "coordinates": [
          [-83.375097, 33.938983],
          [-83.37509, 33.938987]
        ]
      },
      "properties": { "from": "1388045595_207", "to": "1388045595_208" }
    },
    {
      "type": "Feature",
      "geometry": {
        "type": "LineString",
        "coordinates": [
          [-83.37509, 33.938987],
          [-83.375087, 33.938985]
        ]
      },
      "properties": { "from": "1388045595_208", "to": "1388045595_209" }
    },
    {
      "type": "Feature",
      "geometry": {
        "type": "LineString",
        "coordinates": [
          [-83.37509, 33.938987],
          [-83.37509, 33.938992]
        ]
      },
      "properties": { "from": "1388045595_208", "to": "1388045595_226" }
    },
    {
      "type": "Feature",
      "geometry": {
        "type": "LineString",
        "coordinates": [
          [-83.374932, 33.938984],
          [-83.374927, 33.938983]
        ]
      },
      "properties": { "from": "1388045595_210", "to": "1388045595_211" }
    },
    {
      "type": "Feature",
      "geometry": {
        "type": "LineString",
        "coordinates": [
          [-83.374927, 33.938983],
          [-83.374922, 33.938984]
        ]
      },
      "properties": { "from": "1388045595_211", "to": "1388045595_212" }
    },
    {
      "type": "Feature",
      "geometry": {
        "type": "LineString",
        "coordinates": [
          [-83.374922, 33.938984],
          [-83.374917, 33.938984]
        ]
      },
      "properties": { "from": "1388045595_212", "to": "1388045595_213" }
    },
    {
      "type": "Feature",
      "geometry": {
        "type": "LineString",
        "coordinates": [
          [-83.374917, 33.938984],
          [-83.374912, 33.938984]
        ]
      },
      "properties": { "from": "1388045595_213", "to": "1388045595_214" }
    },
    {
      "type": "Feature",
      "geometry": {
        "type": "LineString",
        "coordinates": [
          [-83.374902, 33.938988],
          [-83.374895, 33.938988]
        ]
      },
      "properties": { "from": "1388045595_215", "to": "1388045595_216" }
    },
    {
      "type": "Feature",
      "geometry": {
        "type": "LineString",
        "coordinates": [
          [-83.374895, 33.938988],
          [-83.374892, 33.938989]
        ]
      },
      "properties": { "from": "1388045595_216", "to": "1388045595_218" }
    },
    {
      "type": "Feature",
      "geometry": {
        "type": "LineString",
        "coordinates": [
          [-83.374862, 33.938989],
          [-83.374871, 33.93899]
        ]
      },
      "properties": { "from": "1388045595_217", "to": "1388045595_238" }
    },
    {
      "type": "Feature",
      "geometry": {
        "type": "LineString",
        "coordinates": [
          [-83.374892, 33.938989],
          [-83.374885, 33.938989]
        ]
      },
      "properties": { "from": "1388045595_218", "to": "1388045595_237" }
    },
    {
      "type": "Feature",
      "geometry": {
        "type": "LineString",
        "coordinates": [
          [-83.374977, 33.938982],
          [-83.374972, 33.938983]
        ]
      },
      "properties": { "from": "1388045595_219", "to": "1388045595_220" }
    },
    {
      "type": "Feature",
      "geometry": {
        "type": "LineString",
        "coordinates": [
          [-83.374972, 33.938983],
          [-83.374967, 33.938982]
        ]
      },
      "properties": { "from": "1388045595_220", "to": "1388045595_221" }
    },
    {
      "type": "Feature",
      "geometry": {
        "type": "LineString",
        "coordinates": [
          [-83.374967, 33.938982],
          [-83.374962, 33.938983]
        ]
      },
      "properties": { "from": "1388045595_221", "to": "1388045595_222" }
    },
    {
      "type": "Feature",
      "geometry": {
        "type": "LineString",
        "coordinates": [
          [-83.374962, 33.938983],
          [-83.374957, 33.938982]
        ]
      },
      "properties": { "from": "1388045595_222", "to": "1388045595_223" }
    },
    {
      "type": "Feature",
      "geometry": {
        "type": "LineString",
        "coordinates": [
          [-83.374957, 33.938982],
          [-83.374952, 33.938983]
        ]
      },
      "properties": { "from": "1388045595_223", "to": "1388045595_224" }
    },
    {
      "type": "Feature",
      "geometry": {
        "type": "LineString",
        "coordinates": [
          [-83.374952, 33.938983],
          [-83.374947, 33.938983]
        ]
      },
      "properties": { "from": "1388045595_224", "to": "1388045595_225" }
    },
    {
      "type": "Feature",
      "geometry": {
        "type": "LineString",
        "coordinates": [
          [-83.37509, 33.938992],
          [-83.375093, 33.938996]
        ]
      },
      "properties": { "from": "1388045595_226", "to": "1388045595_227" }
    },
    {
      "type": "Feature",
      "geometry": {
        "type": "LineString",
        "coordinates": [
          [-83.37509, 33.938992],
          [-83.375087, 33.938995]
        ]
      },
      "properties": { "from": "1388045595_226", "to": "1388045595_229" }
    },
    {
      "type": "Feature",
      "geometry": {
        "type": "LineString",
        "coordinates": [
          [-83.375093, 33.938996],
          [-83.375101, 33.939003]
        ]
      },
      "properties": { "from": "1388045595_227", "to": "1388045595_228" }
    },
    {
      "type": "Feature",
      "geometry": {
        "type": "LineString",
        "coordinates": [
          [-83.375101, 33.939003],
          [-83.375103, 33.939007]
        ]
      },
      "properties": { "from": "1388045595_228", "to": "1388045595_232" }
    },
    {
      "type": "Feature",
      "geometry": {
        "type": "LineString",
        "coordinates": [
          [-83.375087, 33.938995],
          [-83.375083, 33.939002]
        ]
      },
      "properties": { "from": "1388045595_229", "to": "1388045595_230" }
    },
    {
      "type": "Feature",
      "geometry": {
        "type": "LineString",
        "coordinates": [
          [-83.375083, 33.939002],
          [-83.375075, 33.939008]
        ]
      },
      "properties": { "from": "1388045595_230", "to": "1388045595_231" }
    },
    {
      "type": "Feature",
      "geometry": {
        "type": "LineString",
        "coordinates": [
          [-83.374822, 33.938992],
          [-83.374831, 33.938991]
        ]
      },
      "properties": { "from": "1388045595_233", "to": "1388045595_234" }
    },
    {
      "type": "Feature",
      "geometry": {
        "type": "LineString",
        "coordinates": [
          [-83.374822, 33.938992],
          [-83.374821, 33.938991]
        ]
      },
      "properties": { "from": "1388045595_233", "to": "1388045595_235" }
    },
    {
      "type": "Feature",
      "geometry": {
        "type": "LineString",
        "coordinates": [
          [-83.374831, 33.938991],
          [-83.374832, 33.938991]
        ]
      },
      "properties": { "from": "1388045595_234", "to": "1388045595_243" }
    },
    {
      "type": "Feature",
      "geometry": {
        "type": "LineString",
        "coordinates": [
          [-83.374852, 33.93899],
          [-83.374842, 33.938991]
        ]
      },
      "properties": { "from": "1388045595_236", "to": "1388045595_241" }
    },
    {
      "type": "Feature",
      "geometry": {
        "type": "LineString",
        "coordinates": [
          [-83.374885, 33.938989],
          [-83.374882, 33.938991]
        ]
      },
      "properties": { "from": "1388045595_237", "to": "1388045595_239" }
    },
    {
      "type": "Feature",
      "geometry": {
        "type": "LineString",
        "coordinates": [
          [-83.374871, 33.93899],
          [-83.374872, 33.938991]
        ]
      },
      "properties": { "from": "1388045595_238", "to": "1388045595_240" }
    },
    {
      "type": "Feature",
      "geometry": {
        "type": "LineString",
        "coordinates": [
          [-83.374882, 33.938991],
          [-83.374872, 33.938991]
        ]
      },
      "properties": { "from": "1388045595_239", "to": "1388045595_240" }
    },
    {
      "type": "Feature",
      "geometry": {
        "type": "LineString",
        "coordinates": [
          [-83.374842, 33.938991],
          [-83.374841, 33.938991]
        ]
      },
      "properties": { "from": "1388045595_241", "to": "1388045595_242" }
    },
    {
      "type": "Feature",
      "geometry": {
        "type": "LineString",
        "coordinates": [
          [-83.374841, 33.938991],
          [-83.374832, 33.938991]
        ]
      },
      "properties": { "from": "1388045595_242", "to": "1388045595_243" }
    },
    {
      "type": "Feature",
      "geometry": {
        "type": "LineString",
        "coordinates": [
          [-83.374625, 33.938992],
          [-83.374632, 33.938993]
        ]
      },
      "properties": { "from": "1388045595_244", "to": "1388045595_246" }
    },
    {
      "type": "Feature",
      "geometry": {
        "type": "LineString",
        "coordinates": [
          [-83.374602, 33.938995],
          [-83.374593, 33.939001]
        ]
      },
      "properties": { "from": "1388045595_245", "to": "1388045595_275" }
    },
    {
      "type": "Feature",
      "geometry": {
        "type": "LineString",
        "coordinates": [
          [-83.374632, 33.938993],
          [-83.374635, 33.938993]
        ]
      },
      "properties": { "from": "1388045595_246", "to": "1388045595_247" }
    },
    {
      "type": "Feature",
      "geometry": {
        "type": "LineString",
        "coordinates": [
          [-83.374635, 33.938993],
          [-83.374642, 33.938995]
        ]
      },
      "properties": { "from": "1388045595_247", "to": "1388045595_248" }
    },
    {
      "type": "Feature",
      "geometry": {
        "type": "LineString",
        "coordinates": [
          [-83.374642, 33.938995],
          [-83.374645, 33.938995]
        ]
      },
      "properties": { "from": "1388045595_248", "to": "1388045595_249" }
    },
    {
      "type": "Feature",
      "geometry": {
        "type": "LineString",
        "coordinates": [
          [-83.374645, 33.938995],
          [-83.374652, 33.938997]
        ]
      },
      "properties": { "from": "1388045595_249", "to": "1388045595_271" }
    },
    {
      "type": "Feature",
      "geometry": {
        "type": "LineString",
        "coordinates": [
          [-83.374791, 33.938992],
          [-83.374782, 33.938993]
        ]
      },
      "properties": { "from": "1388045595_250", "to": "1388045595_251" }
    },
    {
      "type": "Feature",
      "geometry": {
        "type": "LineString",
        "coordinates": [
          [-83.374782, 33.938993],
          [-83.374781, 33.938993]
        ]
      },
      "properties": { "from": "1388045595_251", "to": "1388045595_252" }
    },
    {
      "type": "Feature",
      "geometry": {
        "type": "LineString",
        "coordinates": [
          [-83.374781, 33.938993],
          [-83.374772, 33.938993]
        ]
      },
      "properties": { "from": "1388045595_252", "to": "1388045595_253" }
    },
    {
      "type": "Feature",
      "geometry": {
        "type": "LineString",
        "coordinates": [
          [-83.374772, 33.938993],
          [-83.374771, 33.938993]
        ]
      },
      "properties": { "from": "1388045595_253", "to": "1388045595_254" }
    },
    {
      "type": "Feature",
      "geometry": {
        "type": "LineString",
        "coordinates": [
          [-83.374771, 33.938993],
          [-83.374762, 33.938993]
        ]
      },
      "properties": { "from": "1388045595_254", "to": "1388045595_255" }
    },
    {
      "type": "Feature",
      "geometry": {
        "type": "LineString",
        "coordinates": [
          [-83.374762, 33.938993],
          [-83.374761, 33.938993]
        ]
      },
      "properties": { "from": "1388045595_255", "to": "1388045595_256" }
    },
    {
      "type": "Feature",
      "geometry": {
        "type": "LineString",
        "coordinates": [
          [-83.374761, 33.938993],
          [-83.374752, 33.938994]
        ]
      },
      "properties": { "from": "1388045595_256", "to": "1388045595_257" }
    },
    {
      "type": "Feature",
      "geometry": {
        "type": "LineString",
        "coordinates": [
          [-83.374752, 33.938994],
          [-83.374751, 33.938994]
        ]
      },
      "properties": { "from": "1388045595_257", "to": "1388045595_258" }
    },
    {
      "type": "Feature",
      "geometry": {
        "type": "LineString",
        "coordinates": [
          [-83.374751, 33.938994],
          [-83.374742, 33.938994]
        ]
      },
      "properties": { "from": "1388045595_258", "to": "1388045595_259" }
    },
    {
      "type": "Feature",
      "geometry": {
        "type": "LineString",
        "coordinates": [
          [-83.374742, 33.938994],
          [-83.374741, 33.938994]
        ]
      },
      "properties": { "from": "1388045595_259", "to": "1388045595_260" }
    },
    {
      "type": "Feature",
      "geometry": {
        "type": "LineString",
        "coordinates": [
          [-83.374741, 33.938994],
          [-83.374732, 33.938994]
        ]
      },
      "properties": { "from": "1388045595_260", "to": "1388045595_261" }
    },
    {
      "type": "Feature",
      "geometry": {
        "type": "LineString",
        "coordinates": [
          [-83.374732, 33.938994],
          [-83.374731, 33.938994]
        ]
      },
      "properties": { "from": "1388045595_261", "to": "1388045595_262" }
    },
    {
      "type": "Feature",
      "geometry": {
        "type": "LineString",
        "coordinates": [
          [-83.374731, 33.938994],
          [-83.374722, 33.938995]
        ]
      },
      "properties": { "from": "1388045595_262", "to": "1388045595_263" }
    },
    {
      "type": "Feature",
      "geometry": {
        "type": "LineString",
        "coordinates": [
          [-83.374722, 33.938995],
          [-83.374721, 33.938995]
        ]
      },
      "properties": { "from": "1388045595_263", "to": "1388045595_264" }
    },
    {
      "type": "Feature",
      "geometry": {
        "type": "LineString",
        "coordinates": [
          [-83.374721, 33.938995],
          [-83.374712, 33.938995]
        ]
      },
      "properties": { "from": "1388045595_264", "to": "1388045595_265" }
    },
    {
      "type": "Feature",
      "geometry": {
        "type": "LineString",
        "coordinates": [
          [-83.374712, 33.938995],
          [-83.374711, 33.938995]
        ]
      },
      "properties": { "from": "1388045595_265", "to": "1388045595_266" }
    },
    {
      "type": "Feature",
      "geometry": {
        "type": "LineString",
        "coordinates": [
          [-83.374711, 33.938995],
          [-83.374702, 33.938995]
        ]
      },
      "properties": { "from": "1388045595_266", "to": "1388045595_267" }
    },
    {
      "type": "Feature",
      "geometry": {
        "type": "LineString",
        "coordinates": [
          [-83.374702, 33.938995],
          [-83.374701, 33.938995]
        ]
      },
      "properties": { "from": "1388045595_267", "to": "1388045595_268" }
    },
    {
      "type": "Feature",
      "geometry": {
        "type": "LineString",
        "coordinates": [
          [-83.374701, 33.938995],
          [-83.374692, 33.938996]
        ]
      },
      "properties": { "from": "1388045595_268", "to": "1388045595_269" }
    },
    {
      "type": "Feature",
      "geometry": {
        "type": "LineString",
        "coordinates": [
          [-83.374692, 33.938996],
          [-83.374691, 33.938995]
        ]
      },
      "properties": { "from": "1388045595_269", "to": "1388045595_286" }
    },
    {
      "type": "Feature",
      "geometry": {
        "type": "LineString",
        "coordinates": [
          [-83.374529, 33.938998],
          [-83.374531, 33.939003]
        ]
      },
      "properties": { "from": "1388045595_270", "to": "1388045595_276" }
    },
    {
      "type": "Feature",
      "geometry": {
        "type": "LineString",
        "coordinates": [
          [-83.374652, 33.938997],
          [-83.374661, 33.938997]
        ]
      },
      "properties": { "from": "1388045595_271", "to": "1388045595_274" }
    },
    {
      "type": "Feature",
      "geometry": {
        "type": "LineString",
        "coordinates": [
          [-83.374662, 33.938997],
          [-83.374672, 33.938997]
        ]
      },
      "properties": { "from": "1388045595_272", "to": "1388045595_273" }
    },
    {
      "type": "Feature",
      "geometry": {
        "type": "LineString",
        "coordinates": [
          [-83.374662, 33.938997],
          [-83.374661, 33.938997]
        ]
      },
      "properties": { "from": "1388045595_272", "to": "1388045595_274" }
    },
    {
      "type": "Feature",
      "geometry": {
        "type": "LineString",
        "coordinates": [
          [-83.374672, 33.938997],
          [-83.374682, 33.938996]
        ]
      },
      "properties": { "from": "1388045595_273", "to": "1388045595_287" }
    },
    {
      "type": "Feature",
      "geometry": {
        "type": "LineString",
        "coordinates": [
          [-83.374593, 33.939001],
          [-83.374583, 33.939006]
        ]
      },
      "properties": { "from": "1388045595_275", "to": "1388045595_277" }
    },
    {
      "type": "Feature",
      "geometry": {
        "type": "LineString",
        "coordinates": [
          [-83.374531, 33.939003],
          [-83.374533, 33.939004]
        ]
      },
      "properties": { "from": "1388045595_276", "to": "1388045595_278" }
    },
    {
      "type": "Feature",
      "geometry": {
        "type": "LineString",
        "coordinates": [
          [-83.374531, 33.939003],
          [-83.374524, 33.939008]
        ]
      },
      "properties": { "from": "1388045595_276", "to": "1388045595_280" }
    },
    {
      "type": "Feature",
      "geometry": {
        "type": "LineString",
        "coordinates": [
          [-83.374583, 33.939006],
          [-83.374574, 33.939005]
        ]
      },
      "properties": { "from": "1388045595_277", "to": "1388045595_281" }
    },
    {
      "type": "Feature",
      "geometry": {
        "type": "LineString",
        "coordinates": [
          [-83.374533, 33.939004],
          [-83.374543, 33.939006]
        ]
      },
      "properties": { "from": "1388045595_278", "to": "1388045595_279" }
    },
    {
      "type": "Feature",
      "geometry": {
        "type": "LineString",
        "coordinates": [
          [-83.374543, 33.939006],
          [-83.374553, 33.939007]
        ]
      },
      "properties": { "from": "1388045595_279", "to": "1388045595_288" }
    },
    {
      "type": "Feature",
      "geometry": {
        "type": "LineString",
        "coordinates": [
          [-83.374574, 33.939005],
          [-83.374573, 33.939006]
        ]
      },
      "properties": { "from": "1388045595_281", "to": "1388045595_282" }
    },
    {
      "type": "Feature",
      "geometry": {
        "type": "LineString",
        "coordinates": [
          [-83.374573, 33.939006],
          [-83.374564, 33.939006]
        ]
      },
      "properties": { "from": "1388045595_282", "to": "1388045595_283" }
    },
    {
      "type": "Feature",
      "geometry": {
        "type": "LineString",
        "coordinates": [
          [-83.374564, 33.939006],
          [-83.374563, 33.939006]
        ]
      },
      "properties": { "from": "1388045595_283", "to": "1388045595_284" }
    },
    {
      "type": "Feature",
      "geometry": {
        "type": "LineString",
        "coordinates": [
          [-83.374563, 33.939006],
          [-83.374554, 33.939006]
        ]
      },
      "properties": { "from": "1388045595_284", "to": "1388045595_285" }
    },
    {
      "type": "Feature",
      "geometry": {
        "type": "LineString",
        "coordinates": [
          [-83.374554, 33.939006],
          [-83.374553, 33.939007]
        ]
      },
      "properties": { "from": "1388045595_285", "to": "1388045595_288" }
    },
    {
      "type": "Feature",
      "geometry": {
        "type": "LineString",
        "coordinates": [
          [-83.374691, 33.938995],
          [-83.374682, 33.938996]
        ]
      },
      "properties": { "from": "1388045595_286", "to": "1388045595_287" }
    },
    {
      "type": "Feature",
      "geometry": {
        "type": "LineString",
        "coordinates": [
          [-83.375848, 33.938807],
          [-83.375856, 33.938797]
        ]
      },
      "properties": { "from": "1388045596_0", "to": "1388045596_1" }
    },
    {
      "type": "Feature",
      "geometry": {
        "type": "LineString",
        "coordinates": [
          [-83.375848, 33.938807],
          [-83.375847, 33.938808]
        ]
      },
      "properties": { "from": "1388045596_0", "to": "1388045596_2" }
    },
    {
      "type": "Feature",
      "geometry": {
        "type": "LineString",
        "coordinates": [
          [-83.375856, 33.938797],
          [-83.375858, 33.938796]
        ]
      },
      "properties": { "from": "1388045596_1", "to": "1388045596_12" }
    },
    {
      "type": "Feature",
      "geometry": {
        "type": "LineString",
        "coordinates": [
          [-83.375847, 33.938808],
          [-83.375841, 33.938814]
        ]
      },
      "properties": { "from": "1388045596_2", "to": "1388045596_17" }
    },
    {
      "type": "Feature",
      "geometry": {
        "type": "LineString",
        "coordinates": [
          [-83.37579, 33.938796],
          [-83.375797, 33.938805]
        ]
      },
      "properties": { "from": "1388045596_3", "to": "1388045596_4" }
    },
    {
      "type": "Feature",
      "geometry": {
        "type": "LineString",
        "coordinates": [
          [-83.37579, 33.938796],
          [-83.375787, 33.938786]
        ]
      },
      "properties": { "from": "1388045596_3", "to": "1388045596_67" }
    },
    {
      "type": "Feature",
      "geometry": {
        "type": "LineString",
        "coordinates": [
          [-83.375797, 33.938805],
          [-83.375803, 33.938811]
        ]
      },
      "properties": { "from": "1388045596_4", "to": "1388045596_5" }
    },
    {
      "type": "Feature",
      "geometry": {
        "type": "LineString",
        "coordinates": [
          [-83.375803, 33.938811],
          [-83.375806, 33.938815]
        ]
      },
      "properties": { "from": "1388045596_5", "to": "1388045596_6" }
    },
    {
      "type": "Feature",
      "geometry": {
        "type": "LineString",
        "coordinates": [
          [-83.375806, 33.938815],
          [-83.375807, 33.938816]
        ]
      },
      "properties": { "from": "1388045596_6", "to": "1388045596_9" }
    },
    {
      "type": "Feature",
      "geometry": {
        "type": "LineString",
        "coordinates": [
          [-83.375819, 33.938815],
          [-83.375817, 33.938815]
        ]
      },
      "properties": { "from": "1388045596_7", "to": "1388045596_8" }
    },
    {
      "type": "Feature",
      "geometry": {
        "type": "LineString",
        "coordinates": [
          [-83.375819, 33.938815],
          [-83.375827, 33.938814]
        ]
      },
      "properties": { "from": "1388045596_7", "to": "1388045596_21" }
    },
    {
      "type": "Feature",
      "geometry": {
        "type": "LineString",
        "coordinates": [
          [-83.375817, 33.938815],
          [-83.375807, 33.938816]
        ]
      },
      "properties": { "from": "1388045596_8", "to": "1388045596_9" }
    },
    {
      "type": "Feature",
      "geometry": {
        "type": "LineString",
        "coordinates": [
          [-83.375807, 33.938816],
          [-83.375806, 33.938817]
        ]
      },
      "properties": { "from": "1388045596_9", "to": "1388045596_10" }
    },
    {
      "type": "Feature",
      "geometry": {
        "type": "LineString",
        "coordinates": [
          [-83.375806, 33.938817],
          [-83.375799, 33.938825]
        ]
      },
      "properties": { "from": "1388045596_10", "to": "1388045596_24" }
    },
    {
      "type": "Feature",
      "geometry": {
        "type": "LineString",
        "coordinates": [
          [-83.375866, 33.938786],
          [-83.375858, 33.938796]
        ]
      },
      "properties": { "from": "1388045596_11", "to": "1388045596_12" }
    },
    {
      "type": "Feature",
      "geometry": {
        "type": "LineString",
        "coordinates": [
          [-83.375856, 33.938827],
          [-83.375859, 33.938831]
        ]
      },
      "properties": { "from": "1388045596_13", "to": "1388045596_14" }
    },
    {
      "type": "Feature",
      "geometry": {
        "type": "LineString",
        "coordinates": [
          [-83.375856, 33.938827],
          [-83.375849, 33.938821]
        ]
      },
      "properties": { "from": "1388045596_13", "to": "1388045596_23" }
    },
    {
      "type": "Feature",
      "geometry": {
        "type": "LineString",
        "coordinates": [
          [-83.375859, 33.938831],
          [-83.375867, 33.938836]
        ]
      },
      "properties": { "from": "1388045596_14", "to": "1388045596_15" }
    },
    {
      "type": "Feature",
      "geometry": {
        "type": "LineString",
        "coordinates": [
          [-83.375867, 33.938836],
          [-83.37587, 33.938842]
        ]
      },
      "properties": { "from": "1388045596_15", "to": "1388045596_16" }
    },
    {
      "type": "Feature",
      "geometry": {
        "type": "LineString",
        "coordinates": [
          [-83.375841, 33.938814],
          [-83.375839, 33.938814]
        ]
      },
      "properties": { "from": "1388045596_17", "to": "1388045596_18" }
    },
    {
      "type": "Feature",
      "geometry": {
        "type": "LineString",
        "coordinates": [
          [-83.375841, 33.938814],
          [-83.375846, 33.938817]
        ]
      },
      "properties": { "from": "1388045596_17", "to": "1388045596_22" }
    },
    {
      "type": "Feature",
      "geometry": {
        "type": "LineString",
        "coordinates": [
          [-83.375839, 33.938814],
          [-83.375837, 33.938814]
        ]
      },
      "properties": { "from": "1388045596_18", "to": "1388045596_19" }
    },
    {
      "type": "Feature",
      "geometry": {
        "type": "LineString",
        "coordinates": [
          [-83.375837, 33.938814],
          [-83.375829, 33.938815]
        ]
      },
      "properties": { "from": "1388045596_19", "to": "1388045596_20" }
    },
    {
      "type": "Feature",
      "geometry": {
        "type": "LineString",
        "coordinates": [
          [-83.375829, 33.938815],
          [-83.375827, 33.938814]
        ]
      },
      "properties": { "from": "1388045596_20", "to": "1388045596_21" }
    },
    {
      "type": "Feature",
      "geometry": {
        "type": "LineString",
        "coordinates": [
          [-83.375846, 33.938817],
          [-83.375849, 33.938821]
        ]
      },
      "properties": { "from": "1388045596_22", "to": "1388045596_23" }
    },
    {
      "type": "Feature",
      "geometry": {
        "type": "LineString",
        "coordinates": [
          [-83.375799, 33.938825],
          [-83.375793, 33.938836]
        ]
      },
      "properties": { "from": "1388045596_24", "to": "1388045596_25" }
    },
    {
      "type": "Feature",
      "geometry": {
        "type": "LineString",
        "coordinates": [
          [-83.375793, 33.938836],
          [-83.375791, 33.938846]
        ]
      },
      "properties": { "from": "1388045596_25", "to": "1388045596_68" }
    },
    {
      "type": "Feature",
      "geometry": {
        "type": "LineString",
        "coordinates": [
          [-83.375763, 33.938601],
          [-83.37577, 33.938604]
        ]
      },
      "properties": { "from": "1388045596_26", "to": "1388045596_27" }
    },
    {
      "type": "Feature",
      "geometry": {
        "type": "LineString",
        "coordinates": [
          [-83.37577, 33.938604],
          [-83.375771, 33.938604]
        ]
      },
      "properties": { "from": "1388045596_27", "to": "1388045596_28" }
    },
    {
      "type": "Feature",
      "geometry": {
        "type": "LineString",
        "coordinates": [
          [-83.375771, 33.938604],
          [-83.375779, 33.938609]
        ]
      },
      "properties": { "from": "1388045596_28", "to": "1388045596_29" }
    },
    {
      "type": "Feature",
      "geometry": {
        "type": "LineString",
        "coordinates": [
          [-83.375779, 33.938609],
          [-83.375781, 33.938606]
        ]
      },
      "properties": { "from": "1388045596_29", "to": "1388045596_30" }
    },
    {
      "type": "Feature",
      "geometry": {
        "type": "LineString",
        "coordinates": [
          [-83.375779, 33.938609],
          [-83.37578, 33.938612]
        ]
      },
      "properties": { "from": "1388045596_29", "to": "1388045596_31" }
    },
    {
      "type": "Feature",
      "geometry": {
        "type": "LineString",
        "coordinates": [
          [-83.375781, 33.938606],
          [-83.375789, 33.938601]
        ]
      },
      "properties": { "from": "1388045596_30", "to": "1388045596_40" }
    },
    {
      "type": "Feature",
      "geometry": {
        "type": "LineString",
        "coordinates": [
          [-83.37578, 33.938612],
          [-83.375779, 33.938616]
        ]
      },
      "properties": { "from": "1388045596_31", "to": "1388045596_32" }
    },
    {
      "type": "Feature",
      "geometry": {
        "type": "LineString",
        "coordinates": [
          [-83.375779, 33.938616],
          [-83.37578, 33.938622]
        ]
      },
      "properties": { "from": "1388045596_32", "to": "1388045596_33" }
    },
    {
      "type": "Feature",
      "geometry": {
        "type": "LineString",
        "coordinates": [
          [-83.37578, 33.938622],
          [-83.37578, 33.938626]
        ]
      },
      "properties": { "from": "1388045596_33", "to": "1388045596_34" }
    },
    {
      "type": "Feature",
      "geometry": {
        "type": "LineString",
        "coordinates": [
          [-83.37578, 33.938626],
          [-83.375781, 33.938632]
        ]
      },
      "properties": { "from": "1388045596_34", "to": "1388045596_35" }
    },
    {
      "type": "Feature",
      "geometry": {
        "type": "LineString",
        "coordinates": [
          [-83.375781, 33.938632],
          [-83.37578, 33.938636]
        ]
      },
      "properties": { "from": "1388045596_35", "to": "1388045596_36" }
    },
    {
      "type": "Feature",
      "geometry": {
        "type": "LineString",
        "coordinates": [
          [-83.37578, 33.938636],
          [-83.375781, 33.938642]
        ]
      },
      "properties": { "from": "1388045596_36", "to": "1388045596_41" }
    },
    {
      "type": "Feature",
      "geometry": {
        "type": "LineString",
        "coordinates": [
          [-83.37578, 33.938646],
          [-83.375781, 33.938644]
        ]
      },
      "properties": { "from": "1388045596_37", "to": "1388045596_38" }
    },
    {
      "type": "Feature",
      "geometry": {
        "type": "LineString",
        "coordinates": [
          [-83.37578, 33.938646],
          [-83.37578, 33.938656]
        ]
      },
      "properties": { "from": "1388045596_37", "to": "1388045596_39" }
    },
    {
      "type": "Feature",
      "geometry": {
        "type": "LineString",
        "coordinates": [
          [-83.375781, 33.938644],
          [-83.375781, 33.938642]
        ]
      },
      "properties": { "from": "1388045596_38", "to": "1388045596_41" }
    },
    {
      "type": "Feature",
      "geometry": {
        "type": "LineString",
        "coordinates": [
          [-83.37578, 33.938656],
          [-83.375781, 33.938659]
        ]
      },
      "properties": { "from": "1388045596_39", "to": "1388045596_60" }
    },
    {
      "type": "Feature",
      "geometry": {
        "type": "LineString",
        "coordinates": [
          [-83.375781, 33.938666],
          [-83.375781, 33.938669]
        ]
      },
      "properties": { "from": "1388045596_42", "to": "1388045596_43" }
    },
    {
      "type": "Feature",
      "geometry": {
        "type": "LineString",
        "coordinates": [
          [-83.375781, 33.938666],
          [-83.375781, 33.938659]
        ]
      },
      "properties": { "from": "1388045596_42", "to": "1388045596_60" }
    },
    {
      "type": "Feature",
      "geometry": {
        "type": "LineString",
        "coordinates": [
          [-83.375781, 33.938669],
          [-83.375781, 33.938676]
        ]
      },
      "properties": { "from": "1388045596_43", "to": "1388045596_44" }
    },
    {
      "type": "Feature",
      "geometry": {
        "type": "LineString",
        "coordinates": [
          [-83.375781, 33.938676],
          [-83.375782, 33.938679]
        ]
      },
      "properties": { "from": "1388045596_44", "to": "1388045596_45" }
    },
    {
      "type": "Feature",
      "geometry": {
        "type": "LineString",
        "coordinates": [
          [-83.375782, 33.938679],
          [-83.375782, 33.938686]
        ]
      },
      "properties": { "from": "1388045596_45", "to": "1388045596_46" }
    },
    {
      "type": "Feature",
      "geometry": {
        "type": "LineString",
        "coordinates": [
          [-83.375782, 33.938686],
          [-83.375782, 33.938689]
        ]
      },
      "properties": { "from": "1388045596_46", "to": "1388045596_47" }
    },
    {
      "type": "Feature",
      "geometry": {
        "type": "LineString",
        "coordinates": [
          [-83.375782, 33.938689],
          [-83.375782, 33.938696]
        ]
      },
      "properties": { "from": "1388045596_47", "to": "1388045596_48" }
    },
    {
      "type": "Feature",
      "geometry": {
        "type": "LineString",
        "coordinates": [
          [-83.375782, 33.938696],
          [-83.375783, 33.938699]
        ]
      },
      "properties": { "from": "1388045596_48", "to": "1388045596_49" }
    },
    {
      "type": "Feature",
      "geometry": {
        "type": "LineString",
        "coordinates": [
          [-83.375783, 33.938699],
          [-83.375783, 33.938706]
        ]
      },
      "properties": { "from": "1388045596_49", "to": "1388045596_50" }
    },
    {
      "type": "Feature",
      "geometry": {
        "type": "LineString",
        "coordinates": [
          [-83.375783, 33.938706],
          [-83.375784, 33.938708]
        ]
      },
      "properties": { "from": "1388045596_50", "to": "1388045596_51" }
    },
    {
      "type": "Feature",
      "geometry": {
        "type": "LineString",
        "coordinates": [
          [-83.375784, 33.938708],
          [-83.375783, 33.938716]
        ]
      },
      "properties": { "from": "1388045596_51", "to": "1388045596_52" }
    },
    {
      "type": "Feature",
      "geometry": {
        "type": "LineString",
        "coordinates": [
          [-83.375783, 33.938716],
          [-83.375784, 33.938718]
        ]
      },
      "properties": { "from": "1388045596_52", "to": "1388045596_53" }
    },
    {
      "type": "Feature",
      "geometry": {
        "type": "LineString",
        "coordinates": [
          [-83.375784, 33.938718],
          [-83.375784, 33.938726]
        ]
      },
      "properties": { "from": "1388045596_53", "to": "1388045596_54" }
    },
    {
      "type": "Feature",
      "geometry": {
        "type": "LineString",
        "coordinates": [
          [-83.375784, 33.938726],
          [-83.375785, 33.938728]
        ]
      },
      "properties": { "from": "1388045596_54", "to": "1388045596_55" }
    },
    {
      "type": "Feature",
      "geometry": {
        "type": "LineString",
        "coordinates": [
          [-83.375785, 33.938728],
          [-83.375785, 33.938736]
        ]
      },
      "properties": { "from": "1388045596_55", "to": "1388045596_56" }
    },
    {
      "type": "Feature",
      "geometry": {
        "type": "LineString",
        "coordinates": [
          [-83.375785, 33.938736],
          [-83.375785, 33.938738]
        ]
      },
      "properties": { "from": "1388045596_56", "to": "1388045596_57" }
    },
    {
      "type": "Feature",
      "geometry": {
        "type": "LineString",
        "coordinates": [
          [-83.375785, 33.938738],
          [-83.375785, 33.938746]
        ]
      },
      "properties": { "from": "1388045596_57", "to": "1388045596_58" }
    },
    {
      "type": "Feature",
      "geometry": {
        "type": "LineString",
        "coordinates": [
          [-83.375785, 33.938746],
          [-83.375786, 33.938749]
        ]
      },
      "properties": { "from": "1388045596_58", "to": "1388045596_59" }
    },
    {
      "type": "Feature",
      "geometry": {
        "type": "LineString",
        "coordinates": [
          [-83.375786, 33.938749],
          [-83.375786, 33.938756]
        ]
      },
      "properties": { "from": "1388045596_59", "to": "1388045596_61" }
    },
    {
      "type": "Feature",
      "geometry": {
        "type": "LineString",
        "coordinates": [
          [-83.375786, 33.938756],
          [-83.375786, 33.938759]
        ]
      },
      "properties": { "from": "1388045596_61", "to": "1388045596_62" }
    },
    {
      "type": "Feature",
      "geometry": {
        "type": "LineString",
        "coordinates": [
          [-83.375786, 33.938759],
          [-83.375786, 33.938766]
        ]
      },
      "properties": { "from": "1388045596_62", "to": "1388045596_63" }
    },
    {
      "type": "Feature",
      "geometry": {
        "type": "LineString",
        "coordinates": [
          [-83.375786, 33.938766],
          [-83.375787, 33.938769]
        ]
      },
      "properties": { "from": "1388045596_63", "to": "1388045596_64" }
    },
    {
      "type": "Feature",
      "geometry": {
        "type": "LineString",
        "coordinates": [
          [-83.375787, 33.938769],
          [-83.375787, 33.938776]
        ]
      },
      "properties": { "from": "1388045596_64", "to": "1388045596_65" }
    },
    {
      "type": "Feature",
      "geometry": {
        "type": "LineString",
        "coordinates": [
          [-83.375787, 33.938776],
          [-83.375787, 33.938778]
        ]
      },
      "properties": { "from": "1388045596_65", "to": "1388045596_66" }
    },
    {
      "type": "Feature",
      "geometry": {
        "type": "LineString",
        "coordinates": [
          [-83.375787, 33.938778],
          [-83.375787, 33.938786]
        ]
      },
      "properties": { "from": "1388045596_66", "to": "1388045596_67" }
    },
    {
      "type": "Feature",
      "geometry": {
        "type": "LineString",
        "coordinates": [
          [-83.375791, 33.938846],
          [-83.375792, 33.938853]
        ]
      },
      "properties": { "from": "1388045596_68", "to": "1388045596_69" }
    },
    {
      "type": "Feature",
      "geometry": {
        "type": "LineString",
        "coordinates": [
          [-83.375792, 33.938853],
          [-83.375791, 33.938856]
        ]
      },
      "properties": { "from": "1388045596_69", "to": "1388045596_70" }
    },
    {
      "type": "Feature",
      "geometry": {
        "type": "LineString",
        "coordinates": [
          [-83.375791, 33.938856],
          [-83.375792, 33.938863]
        ]
      },
      "properties": { "from": "1388045596_70", "to": "1388045596_71" }
    },
    {
      "type": "Feature",
      "geometry": {
        "type": "LineString",
        "coordinates": [
          [-83.375792, 33.938863],
          [-83.375792, 33.938866]
        ]
      },
      "properties": { "from": "1388045596_71", "to": "1388045596_72" }
    },
    {
      "type": "Feature",
      "geometry": {
        "type": "LineString",
        "coordinates": [
          [-83.375792, 33.938866],
          [-83.375793, 33.938873]
        ]
      },
      "properties": { "from": "1388045596_72", "to": "1388045596_73" }
    },
    {
      "type": "Feature",
      "geometry": {
        "type": "LineString",
        "coordinates": [
          [-83.375793, 33.938873],
          [-83.375792, 33.938877]
        ]
      },
      "properties": { "from": "1388045596_73", "to": "1388045596_74" }
    },
    {
      "type": "Feature",
      "geometry": {
        "type": "LineString",
        "coordinates": [
          [-83.375792, 33.938877],
          [-83.375793, 33.938883]
        ]
      },
      "properties": { "from": "1388045596_74", "to": "1388045596_75" }
    },
    {
      "type": "Feature",
      "geometry": {
        "type": "LineString",
        "coordinates": [
          [-83.375793, 33.938883],
          [-83.375792, 33.938887]
        ]
      },
      "properties": { "from": "1388045596_75", "to": "1388045596_76" }
    },
    {
      "type": "Feature",
      "geometry": {
        "type": "LineString",
        "coordinates": [
          [-83.375792, 33.938887],
          [-83.375793, 33.938894]
        ]
      },
      "properties": { "from": "1388045596_76", "to": "1388045596_77" }
    },
    {
      "type": "Feature",
      "geometry": {
        "type": "LineString",
        "coordinates": [
          [-83.375793, 33.938894],
          [-83.375792, 33.938896]
        ]
      },
      "properties": { "from": "1388045596_77", "to": "1388045596_78" }
    },
    {
      "type": "Feature",
      "geometry": {
        "type": "LineString",
        "coordinates": [
          [-83.375792, 33.938896],
          [-83.375793, 33.938904]
        ]
      },
      "properties": { "from": "1388045596_78", "to": "1388045596_79" }
    },
    {
      "type": "Feature",
      "geometry": {
        "type": "LineString",
        "coordinates": [
          [-83.375793, 33.938904],
          [-83.375793, 33.938906]
        ]
      },
      "properties": { "from": "1388045596_79", "to": "1388045596_80" }
    },
    {
      "type": "Feature",
      "geometry": {
        "type": "LineString",
        "coordinates": [
          [-83.375793, 33.938906],
          [-83.375794, 33.938914]
        ]
      },
      "properties": { "from": "1388045596_80", "to": "1388045596_85" }
    },
    {
      "type": "Feature",
      "geometry": {
        "type": "LineString",
        "coordinates": [
          [-83.375791, 33.938968],
          [-83.375794, 33.938965]
        ]
      },
      "properties": { "from": "1388045596_81", "to": "1388045596_82" }
    },
    {
      "type": "Feature",
      "geometry": {
        "type": "LineString",
        "coordinates": [
          [-83.375791, 33.938968],
          [-83.37579, 33.93897]
        ]
      },
      "properties": { "from": "1388045596_81", "to": "1388045596_83" }
    },
    {
      "type": "Feature",
      "geometry": {
        "type": "LineString",
        "coordinates": [
          [-83.375794, 33.938965],
          [-83.375794, 33.938964]
        ]
      },
      "properties": { "from": "1388045596_82", "to": "1388045596_95" }
    },
    {
      "type": "Feature",
      "geometry": {
        "type": "LineString",
        "coordinates": [
          [-83.375794, 33.938965],
          [-83.3758, 33.938971]
        ]
      },
      "properties": { "from": "1388045596_82", "to": "1388045596_96" }
    },
    {
      "type": "Feature",
      "geometry": {
        "type": "LineString",
        "coordinates": [
          [-83.37579, 33.93897],
          [-83.375782, 33.938976]
        ]
      },
      "properties": { "from": "1388045596_83", "to": "1388045596_84" }
    },
    {
      "type": "Feature",
      "geometry": {
        "type": "LineString",
        "coordinates": [
          [-83.375794, 33.938914],
          [-83.375793, 33.938916]
        ]
      },
      "properties": { "from": "1388045596_85", "to": "1388045596_86" }
    },
    {
      "type": "Feature",
      "geometry": {
        "type": "LineString",
        "coordinates": [
          [-83.375793, 33.938916],
          [-83.375794, 33.938924]
        ]
      },
      "properties": { "from": "1388045596_86", "to": "1388045596_87" }
    },
    {
      "type": "Feature",
      "geometry": {
        "type": "LineString",
        "coordinates": [
          [-83.375794, 33.938924],
          [-83.375794, 33.938926]
        ]
      },
      "properties": { "from": "1388045596_87", "to": "1388045596_88" }
    },
    {
      "type": "Feature",
      "geometry": {
        "type": "LineString",
        "coordinates": [
          [-83.375794, 33.938926],
          [-83.375795, 33.938934]
        ]
      },
      "properties": { "from": "1388045596_88", "to": "1388045596_89" }
    },
    {
      "type": "Feature",
      "geometry": {
        "type": "LineString",
        "coordinates": [
          [-83.375795, 33.938934],
          [-83.375794, 33.938936]
        ]
      },
      "properties": { "from": "1388045596_89", "to": "1388045596_90" }
    },
    {
      "type": "Feature",
      "geometry": {
        "type": "LineString",
        "coordinates": [
          [-83.375794, 33.938936],
          [-83.375795, 33.938944]
        ]
      },
      "properties": { "from": "1388045596_90", "to": "1388045596_91" }
    },
    {
      "type": "Feature",
      "geometry": {
        "type": "LineString",
        "coordinates": [
          [-83.375795, 33.938944],
          [-83.375794, 33.938948]
        ]
      },
      "properties": { "from": "1388045596_91", "to": "1388045596_92" }
    },
    {
      "type": "Feature",
      "geometry": {
        "type": "LineString",
        "coordinates": [
          [-83.375794, 33.938948],
          [-83.375795, 33.938954]
        ]
      },
      "properties": { "from": "1388045596_92", "to": "1388045596_93" }
    },
    {
      "type": "Feature",
      "geometry": {
        "type": "LineString",
        "coordinates": [
          [-83.375795, 33.938954],
          [-83.375794, 33.938959]
        ]
      },
      "properties": { "from": "1388045596_93", "to": "1388045596_94" }
    },
    {
      "type": "Feature",
      "geometry": {
        "type": "LineString",
        "coordinates": [
          [-83.375794, 33.938959],
          [-83.375794, 33.938964]
        ]
      },
      "properties": { "from": "1388045596_94", "to": "1388045596_95" }
    },
    {
      "type": "Feature",
      "geometry": {
        "type": "LineString",
        "coordinates": [
          [-83.3758, 33.938971],
          [-83.375805, 33.938973]
        ]
      },
      "properties": { "from": "1388045596_96", "to": "1388045596_97" }
    }
  ]
}
